Source,ï»¿SubmissionDate,start,end,today,deviceid,info_note,consentement,consentement_note,region,province,commune,commune_checked,school,yes_no_school,list_school,multiple_school,school_number,name_school_01,name_school_02,name_school_03,name_school_04,name_school_05,name_school_06,name_school_07,name_school_08,name_school_09,name_school_10,sd_a_01-total_students_sitting_exam,sd_a_01-total_boys_sitting_exam,sd_a_01-total_girls_sitting_exam,sd_a_01-students_admitted_exam,sd_a_01-total_boys_admitted_exam,sd_a_01-total_girls_admitted_exam,sd_a_01-number_pic_a,sd_a_01-image_cep_results_1,sd_a_01-image_cep_results_2,sd_a_01-image_cep_results_3,sd_a_01-image_cep_results_4,sd_a_01-image_cep_results_5,sd_a_01-image_cep_results_6,sd_a_01-image_cep_results_7,sd_a_01-image_cep_results_8,sd_a_01-image_cep_results_9,sd_a_01-image_cep_results_10,information-information_q,information-note_inf,meta-instanceID,KEY
Modifie,4/18/2014 9:30,4/11/2014 9:08,4/11/2014 17:01,11-Apr-14,10:bf:48:f5:2c:01,,1,,CAS,COM,BANFORA,BANFORA,,0,1,136 139,0,,,,,,,,,,,3851,1878,1973,2018,1075,943,5,media\1397214726575.jpg,media\1397217482879.jpg,media\1397217758577.jpg,media\1397217810744.jpg,media\1397233252825.jpg,,,,,,1,,uuid:d1796de9-4a1f-41e2-bec9-a222beb85769,uuid:d1796de9-4a1f-41e2-bec9-a222beb85769
Modifie,4/9/2014 10:36,4/7/2014 10:31,4/7/2014 16:51,7-Apr-14,60:a4:4c:97:0e:97,,1,,CAS,COM,BEREGADOUGOU,BEREGADOUGOU,,0,0,,2,"Malon
Drabo Adama
76056789","CEBNF
TRAORE FANBE
70575283",,,,,,,,,499,238,261,347,177,170,2,media\1396868896914.jpg,media\1396868951933.jpg,,,,,,,,,1,,uuid:3cfcd08c-2984-4dbe-837c-e50907f12e5e,uuid:3cfcd08c-2984-4dbe-837c-e50907f12e5e
Modifie,4/8/2014 18:54,4/8/2014 11:18,4/8/2014 11:39,8-Apr-14,ac:22:0b:42:f3:5f,,1,,CAS,COM,MANGODARA,MANGODARA,,0,1,1850 1851 1852 1857 1858 1868 1882 1883 1884 1888 1893,2,"Gbambi
TINTO Yacouba
75140288","Bougoura
Ouattara Boureima
72085608",,,,,,,,,1041,548,493,555,315,240,1,media\1396956966469.jpg,,,,,,,,,,1,,uuid:f6b9915a-eda6-48f3-97bf-b93d74cb6a07,uuid:f6b9915a-eda6-48f3-97bf-b93d74cb6a07
Modifie,4/10/2014 19:39,4/10/2014 10:40,4/10/2014 17:25,10-Apr-14,60:a4:4c:97:0e:97,,1,,CAS,COM,MOUSSODOUGOU,MOUSSODOUGOU,,0,0,,10,"MONDON A
SANOU DO ROMUALD
70964456","MONDON B
OUEDRAOGO Z ANGELE
78140482","TIALSO
OUATTARA NABI ISSA
78007249","SOLGOU
COULIBALY MARIAM
70723042","TIALE
TRAORE SABINE
76129931","DOU
COULIBALY ABIBATA
70084541","MOUSSODOUGOU C
HEMA CLAUTER 
74834326","DJON
KOURAOGO SEYDOU
71905660","KOSSOGOU
KARAMA ISSOUBIE
70012512","GNERPIEN
DIALLO ALASSANE
70086050",338,168,170,303,158,145,1,media\1397129323278.jpg,,,,,,,,,,1,,uuid:9f40021e-e0c1-4b9d-9c35-48c8561a93f9,uuid:9f40021e-e0c1-4b9d-9c35-48c8561a93f9
Modifie,4/10/2014 18:55,4/10/2014 15:03,4/10/2014 16:36,10-Apr-14,ac:22:0b:42:f3:5f,,1,,CAS,COM,NIANGOLOKO,NIANGOLOKO,,0,1,2104 2119,2,Kitodougou,Niangoloko Sud B,,,,,,,,,1425,640,785,648,310,338,1,media\1397147697732.jpg,,,,,,,,,,1,,uuid:a6ed7a1f-0f5e-45a3-9d46-2eb4ebec6547,uuid:a6ed7a1f-0f5e-45a3-9d46-2eb4ebec6547
Modifie,4/15/2014 16:32,4/8/2014 16:00,4/8/2014 16:21,8-Apr-14,10:bf:48:f5:2c:01,,1,,CAS,COM,OUO,OUO,,0,0,,5,Bamarou,Djinakonli,Derboko,Guedanga,Samako,,,,,,482,283,199,298,193,105,1,media\1396973786802.jpg,,,,,,,,,,1,,uuid:864a14bf-74c8-4130-b682-c1e6430c21fb,uuid:864a14bf-74c8-4130-b682-c1e6430c21fb
Finale,4/7/2014 21:47,4/7/2014 17:17,4/7/2014 18:30,7-Apr-14,10:bf:48:f5:2c:01,,1,,CAS,COM,SIDERADOUGOU,SIDERADOUGOU,,0,1,2710 2740 2741 2742,8,Kognani,Kogoue2,Sideradougou amitiÃ©,Banatomou,Fougangoue2,Gwenzole,Kokoune,Sokora,,,1414,754,660,814,442,372,2,media\1396892239287.jpg,media\1396894110346.jpg,,,,,,,,,1,,uuid:2bb139f2-79be-4339-8142-766cdd0c4f52,
Modifie,4/15/2014 7:54,4/13/2014 11:33,4/14/2014 9:53,13-Apr-14,60:a4:4c:97:0e:97,,1,,CAS,COM,SOUBAKANIEDOUGOU,SOUBAKANIEDOUGOU,,0,0,,5,"Damanakoko
TraorÃ© Aboubacar
71903167","Dablasso
Son Yacouba
76816291","Korsiera
Some Ã‰ric
73076332","Soubaka karaborosso
Coulibaly Abdoulaye
70931170","CEBNF
Fayama Souleymane
70590264",,,,,,837,406,431,284,149,135,1,media\1397469096504.jpg,,,,,,,,,,1,,uuid:cbfc8fbf-abdc-4a8a-a6b5-19f8124b4314,uuid:cbfc8fbf-abdc-4a8a-a6b5-19f8124b4314
Modifie,4/18/2014 10:43,4/9/2014 13:58,4/11/2014 17:19,9-Apr-14,10:bf:48:f5:2c:01,,1,,CAS,COM,TIEFORA,TIEFORA,,0,0,,0,,,,,,,,,,,922,470,452,390,217,173,1,media\1397052129471.jpg,,,,,,,,,,1,,uuid:6977b07d-46c8-483b-b97c-97a352855cff,uuid:6977b07d-46c8-483b-b97c-97a352855cff
Modifie,4/15/2014 13:51,4/14/2014 15:23,4/15/2014 13:39,14-Apr-14,60:a4:4c:97:0e:97,,1,,CAS,LER,DAKORO,DAKORO,,0,1,799,4,"Foloura
Kara Abdoulaye
71772092","Benguedougou
Soura Doulaye
70865919","CEBNF/UNICEF
Ouattara Bakary
72926133","CEBNF/TRED
Toe Salifou
76556591",,,,,,,276,127,149,213,103,110,1,media\1397569007105.jpg,,,,,,,,,,1,,uuid:04e432a9-69d0-441a-b8e8-b495fda94c51,uuid:04e432a9-69d0-441a-b8e8-b495fda94c51
Modifie,4/11/2014 18:44,4/11/2014 9:16,4/11/2014 9:37,11-Apr-14,ac:22:0b:42:f3:5f,,1,,CAS,LER,DOUNA,DOUNA,,0,0,,1,"CEBNF
SOURA Saidou
71097200",,,,,,,,,,367,189,178,318,171,147,1,media\1397208677417.jpg,,,,,,,,,,1,,uuid:dba5e694-17d0-4385-a9d5-15a1b1761c71,uuid:dba5e694-17d0-4385-a9d5-15a1b1761c71
Modifie,4/14/2014 13:59,4/11/2014 16:35,4/11/2014 17:31,11-Apr-14,60:a4:4c:97:25:c1,,1,,CAS,LER,KANKALABA,KANKALABA,,0,0,,2,"Dobogosso
SAVADOGO KARIME
76540497","Djidar
OUEDRAOGO HAMADO
70170938",,,,,,,,,292,153,139,245,127,118,1,media\1397237311592.jpg,,,,,,,,,,1,,uuid:c764b84a-01c5-42d6-8559-9df83b5f3e89,uuid:c764b84a-01c5-42d6-8559-9df83b5f3e89
Modifie,4/16/2014 21:01,4/14/2014 17:15,4/14/2014 17:39,14-Apr-14,60:a4:4c:97:25:c1,,1,,CAS,LER,LOUMANA,LOUMANA,,0,0,,8,"Alakasson
NANA SAMBO
76411855","CISSANA
N'DO BOUMA
70945099/76552057","DIOULASSO
KARAMA Halkassouma
71392748","KOKO-MA DJAN
SORGHO EMMANUEL
76499345","MOURAGA
KOUDOUGOU JOSIAS
71979030/76144584","Sinalivogo
Kabore Alassane
76342548","Zewahiri
BOMBIRI MARIUS
70950740/76440760","Centre d'Ã©ducation de base non formelle(CEBNF) de Baguera
DEMBELE MAMADOU
76237931",,,572,285,287,406,205,201,1,media\1397497027794.jpg,,,,,,,,,,1,,uuid:8fde75fc-5b43-49b8-8c16-53a08e697f5e,uuid:8fde75fc-5b43-49b8-8c16-53a08e697f5e
Modifie,4/16/2014 20:58,4/14/2014 17:01,4/15/2014 19:35,14-Apr-14,60:a4:4c:97:25:c1,,1,,CAS,LER,NIANKORODOUGOU,NIANKORODOUGOU,,0,1,2135 2142,4,"BELKA
OUATTARA AMADOU
76304662/71736240","Tiondourou
Ouattara Djakalia
70012165/76369408","Zegnedougou B
Magassa Madi
70868568","Zegneka
Bado B. RaphaÃ«l
72990369",,,,,,,590,347,243,341,216,126,1,,,,,,,,,,,1,,uuid:db202f99-baf7-4cd2-b3ff-072026309816,uuid:db202f99-baf7-4cd2-b3ff-072026309816
Modifie,4/14/2014 13:38,4/11/2014 11:58,4/11/2014 12:19,11-Apr-14,60:a4:4c:97:25:c1,,1,,CAS,LER,OUELENI,OUELENI,,0,0,,2,"Kamidougou
Salle Salif
72663880","Tagnigue-djassa
Somme Bamourokoun
71808953",,,,,,,,,287,155,132,222,100,122,1,media\1397218669118.jpg,,,,,,,,,,1,,uuid:df03458c-beec-47b0-9fcc-66934baf2ca9,uuid:df03458c-beec-47b0-9fcc-66934baf2ca9
Modifie,4/14/2014 12:48,4/10/2014 17:32,4/12/2014 14:49,10-Apr-14,60:a4:4c:97:25:c1,,1,,CAS,LER,SINDOU,SINDOU,,0,0,,5,"Kinkinkan
KONE DRISSA
76080064","Kobada
KARAMA MASSADIAMI
76434661","Youny
SOUNDO BEREBA
76612413","M'pogona Kouroukan
KOMBELEMSIGRI OUSSENI
71323033","CEBNF
OUATTARA SOULEYMANE LACINA
76612413",,,,,,360,188,172,294,151,143,1,media\1397205710438.jpg,,,,,,,,,,1,,uuid:16009951-125e-4d87-911c-8366d73a045c,uuid:16009951-125e-4d87-911c-8366d73a045c
Modifie,4/15/2014 11:31,4/11/2014 9:37,4/15/2014 11:27,11-Apr-14,ac:22:0b:42:f3:5f,,1,,CAS,LER,WOLONKOTO,WOLONKOTO,,0,0,,2,"Concodjan
OUEDRAOGA Zowenbpaore
76082636","Mlatiari
HIEN Nouribomo
70626575",,,,,,,,,127,65,62,111,61,50,1,media\1397209398059.jpg,,,,,,,,,,1,,uuid:d5e7dd89-a6ef-4b25-9414-e795c0126fca,uuid:d5e7dd89-a6ef-4b25-9414-e795c0126fca
Modifie,4/11/2014 6:52,4/9/2014 9:49,4/9/2014 18:10,9-Apr-14,d8:50:e6:7f:a2:44,,1,,CE_E,BOU,BAGRE,BAGRE_TENKODOGO,,0,0,,5,BAGRE PEULH. MINOUGOU Eloi 70418441,BAGRE V5. YOUGBARE Telado 70446712,GOUDAYERE .ZOUNGRANA Moussa 71935065,PATA PUBLIC. OUEDRAOGO FranÃ§ois de Salle 72053038,YAMBO. WANGRE/GAMSONRE Nadine 70348001,,,,,,513,249,264,395,192,203,1,media\1397038059155.jpg,,,,,,,,,,1,,uuid:629cd812-5389-4a9a-93a6-790ba87e2e4e,uuid:629cd812-5389-4a9a-93a6-790ba87e2e4e
Modifie,4/12/2014 20:35,4/10/2014 9:24,4/12/2014 18:30,10-Apr-14,d8:50:e6:7f:a2:44,,1,,CE_E,BOU,BANE,BANE,,0,0,,8,GOMIN,Natenga,Patin,Tambila,Yourbin,Zampa,Bane-Bokin,Nazai,,,718,356,362,396,214,182,2,media\1397126847263.jpg,media\1397126888987.jpg,,,,,,,,,1,,uuid:338ea9cf-5bb2-4f65-a168-32e60721da25,uuid:338ea9cf-5bb2-4f65-a168-32e60721da25
Modifie,4/11/2014 16:23,4/10/2014 13:58,4/10/2014 16:05,10-Apr-14,9bc00d6e0a733cf1,,1,,CE_E,BOU,BEGUEDO,BEGUEDO,,0,0,,3,Nematoulaye,Widi,Ã‰cole secteur 2,,,,,,,,304,148,156,209,108,101,1,media\1397138542074.jpg,,,,,,,,,,1,,uuid:f498c00a-9ed6-4479-a213-5c5ac1515886,uuid:f498c00a-9ed6-4479-a213-5c5ac1515886
Modifie,4/15/2014 18:09,4/14/2014 17:11,4/14/2014 17:20,14-Apr-14,10:bf:48:eb:8e:29,,1,,CE_E,BOU,BISSIGA,BISSIGA,,0,0,,3,Barwagdin,Koutiama,Zouli,,,,,,,,638,329,309,239,139,100,1,media\1397495931085.jpg,,,,,,,,,,1,,uuid:24008ec0-9842-49ad-836d-0c06e282a337,uuid:24008ec0-9842-49ad-836d-0c06e282a337
Modifie,4/10/2014 10:40,4/8/2014 17:25,4/9/2014 12:07,8-Apr-14,60:a4:4c:96:f0:83,,1,,CE_E,BOU,BITTOU,BITTOU,,0,0,,3,Doute,Largue,Yanti,,,,,,,,878,457,421,615,340,275,2,media\1397044750463.jpg,media\1397044778524.jpg,,,,,,,,,1,,uuid:566cfa16-5697-4773-bad0-ff004ee50305,uuid:566cfa16-5697-4773-bad0-ff004ee50305
Modifie,4/11/2014 16:26,4/11/2014 8:08,4/11/2014 9:00,11-Apr-14,9bc00d6e0a733cf1,,1,,CE_E,BOU,BOUSSOUMA (GARANGO),BOUSSOUMA_GARANGO,,1,,,,,,,,,,,,,,954,440,514,617,299,318,1,media\1397205180744.jpg,,,,,,,,,,1,,uuid:97cd241f-8e2e-4a89-a1f6-179cd2ab4e4a,uuid:97cd241f-8e2e-4a89-a1f6-179cd2ab4e4a
Modifie,4/9/2014 14:19,4/8/2014 16:26,4/8/2014 16:42,8-Apr-14,9bc00d6e0a733cf1,,1,,CE_E,BOU,GARANGO,GARANGO,,0,0,,9,Goliga,Yasa,Belegue,Zangoula,Zepa,Oueregou,Gosere,Garango peuhl,Total nakere,,2472,1099,1373,1148,532,616,3,media\1396975048610.jpg,media\1396975091713.jpg,media\1396975153616.jpg,,,,,,,,1,,uuid:07fd6973-aa39-4087-abbf-2141b5a14275,uuid:07fd6973-aa39-4087-abbf-2141b5a14275
Modifie,4/15/2014 18:56,4/14/2014 9:04,4/14/2014 9:45,14-Apr-14,9bc00d6e0a733cf1,,1,,CE_E,BOU,KOMTOEGA,KOMTOEGA,,0,0,,2,Teoce bilingue,Goulanda bilingue,,,,,,,,,431,193,238,221,97,124,1,media\1397468628874.jpg,,,,,,,,,,1,,uuid:bc1cc7ad-d5f3-4818-8cc7-4e3d54478dba,uuid:bc1cc7ad-d5f3-4818-8cc7-4e3d54478dba
Modifie,4/11/2014 16:20,4/10/2014 9:04,4/10/2014 9:34,10-Apr-14,9bc00d6e0a733cf1,,1,,CE_E,BOU,NIAOGO,NIAOGO,,1,,,,,,,,,,,,,,361,173,188,240,106,134,1,media\1397122285515.jpg,,,,,,,,,,1,,uuid:cc9fd543-5a5c-40ca-953e-9aa06ca6f595,uuid:cc9fd543-5a5c-40ca-953e-9aa06ca6f595
Modifie,4/16/2014 12:15,4/15/2014 10:19,4/16/2014 11:34,15-Apr-14,60:a4:4c:96:f0:83,,1,,CE_E,BOU,TENKODOGO,TENKODOGO,,1,,,,,,,,,,,,,,2809,1342,1467,1755,879,876,10,media\1397557774119.jpg,media\1397644626339.jpg,media\1397644790798.jpg,media\1397644814286.jpg,media\1397644828721.jpg,media\1397644843826.jpg,media\1397644866893.jpg,media\1397644883506.jpg,media\1397644959080.jpg,media\1397644966737.jpg,1,,uuid:6c7dc631-e16e-4fbc-b842-66efe06988d5,uuid:6c7dc631-e16e-4fbc-b842-66efe06988d5
Modifie,4/15/2014 15:01,4/14/2014 9:24,4/15/2014 10:04,14-Apr-14,d8:50:e6:7f:a2:44,,1,,CE_E,BOU,ZABRE,ZABRE,,1,,,,,,,,,,,,,,2425,1207,1226,1424,789,635,2,media\1397467726245.jpg,media\1397478988670.jpg,,,,,,,,,1,,uuid:4716f87a-4759-41bb-bb58-1ed5549028cb,uuid:4716f87a-4759-41bb-bb58-1ed5549028cb
Modifie,,,,,,,1,,CE_E,BOU,ZOAGA,ZOAGA,,,,,,,,,,,,,,,,275,147,128,222,122,100,,,,,,,,,,,,,,,
Modifie,,,,,,,1,,CE_E,BOU,ZONSE,ZONSE,,,,,,,,,,,,,,,,429,239,190,298,186,112,,,,,,,,,,,,,,,
Modifie,4/15/2014 21:02,4/8/2014 15:15,4/8/2014 15:34,8-Apr-14,d8:50:e6:7f:95:fb,,1,,CE_E,KOUL,COMIN-YANGA,COMIN-YANGA,,0,0,,1,Tire,,,,,,,,,,785,440,345,311,190,121,1,media\1396970950739.jpg,,,,,,,,,,1,,uuid:f394ee88-cfc0-4cf8-b35e-1ba25be914ea,uuid:f394ee88-cfc0-4cf8-b35e-1ba25be914ea
Modifie,4/12/2014 19:36,4/10/2014 17:31,4/11/2014 10:02,10-Apr-14,60:a4:4c:96:f0:83,,1,,CE_E,KOUL,DOURTENGA,DOURTENGA,,0,0,,4,Dourtenga C,Pissiribouli,Kanlin,Sarguama Es,,,,,,,316,155,161,216,102,114,2,media\1397153197293.jpg,media\1397153558877.jpg,,,,,,,,,1,,uuid:cc3f56af-6625-4ca6-bcc2-b5bbfbb959c9,uuid:cc3f56af-6625-4ca6-bcc2-b5bbfbb959c9
Modifie,4/12/2014 20:09,4/10/2014 13:13,4/11/2014 9:59,10-Apr-14,60:a4:4c:96:f0:83,,1,,CE_E,KOUL,LALGAYE,LALGAYE,,0,0,,2,Paorin,Pissiongo,,,,,,,,,262,140,122,116,70,46,2,media\1397137538105.jpg,media\1397137567790.jpg,,,,,,,,,1,,uuid:545d18cd-f7e4-4639-9c60-25934860b29e,uuid:545d18cd-f7e4-4639-9c60-25934860b29e
Modifie,4/15/2014 9:36,4/14/2014 9:39,4/14/2014 10:11,14-Apr-14,60:a4:4c:96:f0:83,,1,,CE_E,KOUL,OUARGAYE,OUARGAYE,,0,0,,3,Gnamghin,Kionre,Waringhin,,,,,,,,702,355,347,442,256,186,8,media\1397469668600.jpg,media\1397469689963.jpg,media\1397469704018.jpg,media\1397469721406.jpg,media\1397469738899.jpg,media\1397469756491.jpg,media\1397469773618.jpg,media\1397469791298.jpg,,,1,,uuid:a2d02855-6e83-40a1-ac55-e2c82cf32fff,uuid:a2d02855-6e83-40a1-ac55-e2c82cf32fff
Modifie,4/12/2014 19:26,4/11/2014 7:20,4/11/2014 7:53,11-Apr-14,d8:50:e6:7f:95:fb,,1,,CE_E,KOUL,SANGA,SANGA,,0,0,,1,Kinkangue,,,,,,,,,,1386,773,613,927,571,356,1,media\1397202255034.jpg,,,,,,,,,,1,,uuid:91bb9dea-27bb-41bb-9446-ba64d77a1b81,uuid:91bb9dea-27bb-41bb-9446-ba64d77a1b81
Modifie,4/15/2014 21:05,4/11/2014 18:27,4/12/2014 12:10,11-Apr-14,d8:50:e6:7f:95:fb,,1,,CE_E,KOUL,SOUDOUGUI,SOUDOUGUI,,0,0,,7,Koulpalga,Kandanghin,Lobdin,Markozouli,Naloaga,Pilogre,Zembende B,,,,718,407,311,548,316,232,1,media\1397304526632.jpg,,,,,,,,,,1,,uuid:969b0552-d9a2-4e4d-86fe-0ff693cf9ac6,uuid:969b0552-d9a2-4e4d-86fe-0ff693cf9ac6
Modifie,4/12/2014 19:24,4/10/2014 11:00,4/10/2014 13:54,10-Apr-14,d8:50:e6:7f:95:fb,,1,,CE_E,KOUL,YARGATENGA,YARGATENGA,,0,1,3328,3,Cinkanse D,Kouraogo,Zigzao,,,,,,,,925,466,459,523,289,234,1,media\1397129276313.jpg,,,,,,,,,,1,,uuid:6e46b8cd-c583-4522-910f-8d4aec43b506,uuid:6e46b8cd-c583-4522-910f-8d4aec43b506
Modifie,4/15/2014 21:04,4/9/2014 12:43,4/9/2014 13:06,9-Apr-14,d8:50:e6:7f:95:fb,,1,,CE_E,KOUL,YONDE,YONDE,,0,0,,4,Boussougou B,Yongnonzinse,Yorghin,Bountannka,,,,,,,518,298,220,312,184,128,1,media\1397048475339.jpg,,,,,,,,,,1,,uuid:89f501b5-4eda-4e63-b46e-c99282278e2f,uuid:89f501b5-4eda-4e63-b46e-c99282278e2f
Modifie,4/17/2014 18:23,4/11/2014 9:58,4/11/2014 11:06,11-Apr-14,60:a4:4c:97:1f:cd,,1,,CE_E,KOUR,ANDEMTENGA,ANDEMTENGA,,0,1,19 25 37 38,7,Ouandboulga,Sabrouko,Sabwerga,Goungha,Nabikiesma,Yelembasse,Reguimboula,,,,1592,849,743,1139,639,500,1,media\1397211171568.jpg,,,,,,,,,,1,,uuid:5a386738-79b7-489e-8ce0-2ffb5cf9cc3b,uuid:5a386738-79b7-489e-8ce0-2ffb5cf9cc3b
Modifie,4/11/2014 14:26,4/9/2014 11:43,4/9/2014 11:59,9-Apr-14,60:a4:4c:97:1f:cd,,1,,CE_E,KOUR,BASKOURE,BASKOURE,,0,0,,2,"Lilgomde
Directeur: LOUE Bilebie dit Yaya
Cel 71230593","Niaogho 
KABORE ISSA cel 70572106",,,,,,,,,475,251,224,293,157,136,1,media\1397044355319.jpg,,,,,,,,,,1,,uuid:40815897-765d-407f-b7ba-1180904f7e55,uuid:40815897-765d-407f-b7ba-1180904f7e55
Modifie,4/10/2014 19:41,4/10/2014 11:09,4/10/2014 11:27,10-Apr-14,10:bf:48:eb:8e:29,,1,,CE_E,KOUR,DIALGAYE,DIALGAYE,,0,0,,5,koboure,Kostenga,Ganzourgou,Ouarghin,Soubga,,,,,,688,350,338,401,217,184,1,media\1397129133659.jpg,,,,,,,,,,1,,uuid:69eac652-b6d0-4200-9c88-4b4e4c15afaf,uuid:69eac652-b6d0-4200-9c88-4b4e4c15afaf
Modifie,4/15/2014 21:04,4/11/2014 13:16,4/12/2014 6:23,11-Apr-14,60:a4:4c:97:1f:cd,,1,,CE_E,KOUR,GOUNGHIN,GOUNGHIN,,0,1,1265 1278,8,Banguessoumin,Mendrin-tomtogo,Sitenga,Wemsilsin,Godin,Kontaga,Nalanga,Weminbankin,,,942,456,486,637,363,284,2,media\1397225303644.jpg,media\1397225321696.jpg,,,,,,,,,1,,uuid:2b858b14-8023-47e7-bf04-e5930e97e595,uuid:2b858b14-8023-47e7-bf04-e5930e97e595
Modifie,4/17/2014 18:23,4/14/2014 10:43,4/14/2014 10:58,14-Apr-14,60:a4:4c:97:1f:cd,,1,,CE_E,KOUR,KANDO,KANDO,,0,1,1360 1361 1368 1376 1377 1380,3,NATINKOUTIN,KOUMZINGDO,DONSIN,,,,,,,,670,339,331,475,255,220,1,,,,,,,,,,,1,,uuid:19e9e088-3531-4b5d-a89b-e1bd4866d25a,uuid:19e9e088-3531-4b5d-a89b-e1bd4866d25a
Modifie,4/11/2014 10:34,4/11/2014 9:09,4/11/2014 10:33,11-Apr-14,10:bf:48:eb:8e:29,,1,,CE_E,KOUR,KOUPELA,KOUPELA,,0,1,1699 1702,9,Bassem-Poessin,Bollin,Grigny B,Googhin de Naf,Googhin de Ligui,Koupela est B,Koupela Sud B,Tambella B,Togtenga,,1996,921,1075,1191,578,613,1,media\1397212273383.jpg,,,,,,,,,,1,,uuid:3d5893dc-ebda-4526-a3c9-03df63ec3fc8,uuid:3d5893dc-ebda-4526-a3c9-03df63ec3fc8
Modifie,4/9/2014 20:05,4/9/2014 12:01,4/9/2014 12:26,9-Apr-14,60:a4:4c:97:1f:cd,,1,,CE_E,KOUR,POUYTENGA,POUYTENGA,,0,1,2467 2468 2485,7,"Kourit-yaoghin
KABORE Gueswinde cel 70426550","Yargo D
SANFO Narcisse cel 78945502","BAKA
KABORE nÃ©e OUEDRAOGO Rose cel 71486181","Dassambin
OUEDRAOGO Kazom cel 70374106","Kakomtenga
SAWADOGO T Aristide cel 70292716","Tensobgdo
GOMBI Emmanuel cel 70106702","SAKANDO B
ZARE Emmanuel cel 70241206",,,,1747,847,900,1045,529,516,1,media\1397046264883.jpg,,,,,,,,,,1,,uuid:43f2c378-b345-40cd-9c38-790e2b905027,uuid:43f2c378-b345-40cd-9c38-790e2b905027
Modifie,4/10/2014 19:48,4/9/2014 11:07,4/9/2014 11:40,9-Apr-14,10:bf:48:eb:8e:29,,1,,CE_E,KOUR,TENSOBENTENGA,TENSOBENTENGA,,0,0,,4,Naobin,Nedoghin,Simpighin,Tourgoghin,,,,,,,452,237,215,221,122,99,1,media\1397043433063.jpg,,,,,,,,,,1,,uuid:34bd1ca9-3456-49f2-914c-60045214b28f,uuid:34bd1ca9-3456-49f2-914c-60045214b28f
Modifie,4/15/2014 18:12,4/14/2014 11:10,4/14/2014 11:43,14-Apr-14,10:bf:48:eb:8e:29,,1,,CE_E,KOUR,YARGO,YARGO,,0,0,,3,Balbzinko,Kamsancin,Pissi-Sobgo,,,,,,,,426,197,229,159,71,88,2,media\1397475690815.jpg,media\1397475742510.jpg,,,,,,,,,1,,uuid:2563e906-d226-458a-b4f8-0d107ab222ee,uuid:2563e906-d226-458a-b4f8-0d107ab222ee
Modifie,4/9/2014 20:28,4/9/2014 9:56,4/9/2014 10:18,9-Apr-14,30:85:a9:4c:24:19,,1,,CE_N,BAM,BOURZANGA,BOURZANGA,,0,1,626,4,ALAMINI,ZOMKALAGA,MAWARIDA,NAMASA,,,,,,,552,245,307,476,215,261,1,media\1397038518600.jpg,,,,,,,,,,1,,uuid:6cf06d13-ccd3-4b61-aeca-f820c04aa4ae,uuid:6cf06d13-ccd3-4b61-aeca-f820c04aa4ae
Modifie,4/11/2014 20:23,4/11/2014 9:09,4/11/2014 9:42,11-Apr-14,30:85:a9:4c:24:19,,1,,CE_N,BAM,GUIBARE,GUIBARE,,0,1,1323 1324 1326 1327 1331 1336 1337 1338 1339,6,BARSA,KOUNDOULA III,NIANGWELA B,TONTENGA,VOUSNANGO B,KOSSOMPOURE,,,,,622,317,305,430,225,205,1,media\1397208378516.jpg,,,,,,,,,,1,,uuid:acfa25ab-9730-474b-934a-5a1af17f3995,uuid:acfa25ab-9730-474b-934a-5a1af17f3995
Modifie,4/22/2014 8:51,4/14/2014 17:24,4/14/2014 18:00,14-Apr-14,30:85:a9:4c:24:19,,1,,CE_N,BAM,KONGOUSSI,KONGOUSSI,,0,1,1599,5,SANKONDE,BANGO B,BAM VILLAGE B,KONGOUSSI CENTRE C,KONGOUSSI SECTEUR 5 B,,,,,,2116,975,1141,1079,550,529,2,media\1397498188595.jpg,media\1397498210948.jpg,,,,,,,,,1,,uuid:89902cdd-cb42-4484-84f0-f0df2419a972,uuid:89902cdd-cb42-4484-84f0-f0df2419a972
Modifie,4/15/2014 9:07,4/11/2014 8:53,4/11/2014 9:02,11-Apr-14,60:a4:4c:9e:12:bf,,1,,CE_N,BAM,NASSERE,NASSERE,,0,0,,1,"Sika, Nana Oubri, 78320112",,,,,,,,,,278,151,127,123,78,45,4,media\1397206795551.jpg,media\1397206810937.jpg,media\1397206831938.jpg,media\1397206845491.jpg,,,,,,,1,,uuid:c6640271-d97b-4e22-bbed-ff23dbbeeb98,uuid:c6640271-d97b-4e22-bbed-ff23dbbeeb98
Modifie,4/10/2014 20:39,4/10/2014 7:55,4/10/2014 8:15,10-Apr-14,30:85:a9:4c:24:19,,1,,CE_N,BAM,ROLLO,ROLLO,,0,0,,4,BASNERE,KAMSANDIN,ROLLO C,TAMPOUY,,,,,,,417,230,187,287,174,113,1,media\1397117651239.jpg,,,,,,,,,,1,,uuid:9eaf0d74-e925-4387-952b-61a1d362b1dc,uuid:9eaf0d74-e925-4387-952b-61a1d362b1dc
Modifie,4/22/2014 8:50,4/14/2014 8:36,4/14/2014 8:46,14-Apr-14,30:85:a9:4c:24:19,,1,,CE_N,BAM,ROUKO,ROUKO,,0,1,2512 2518,0,,,,,,,,,,,433,218,215,311,177,134,1,media\1397465064431.jpg,,,,,,,,,,1,,uuid:e970703d-dd57-44f9-aa52-face1944f428,uuid:e970703d-dd57-44f9-aa52-face1944f428
Modifie,4/15/2014 9:27,4/14/2014 12:32,4/14/2014 12:57,14-Apr-14,60:a4:4c:9e:12:bf,,1,,CE_N,BAM,SABCE,SABCE,,0,1,2538,4,"Kombeogo,Zimba Jean Claude,76572445","Safi, Simpore Roger,70582001","Secteur 02, Dan go Hamidou,70670403","Wegla, Sawadogo Soumeila,71062249",,,,,,,810,377,433,293,156,137,1,media\1397480110243.jpg,,,,,,,,,,1,,uuid:822bddff-7de0-4074-a4a9-b7046cd628ac,uuid:822bddff-7de0-4074-a4a9-b7046cd628ac
Modifie,4/22/2014 8:51,4/15/2014 11:09,4/16/2014 6:08,15-Apr-14,30:85:a9:4c:24:19,,1,,CE_N,BAM,TIKARE,TIKARE,,0,1,3075 3076 3077 3078 3086 3092,3,TOUGA,WIDINWEOGO,ZANO,,,,,,,,741,362,379,488,237,251,3,media\1397562957792.jpg,media\1397562975195.jpg,media\1397563006864.jpg,,,,,,,,1,,uuid:b5397609-fee1-4a93-a096-4a8f22510a15,uuid:b5397609-fee1-4a93-a096-4a8f22510a15
Modifie,4/15/2014 9:06,4/11/2014 8:24,4/11/2014 8:53,11-Apr-14,60:a4:4c:9e:12:bf,,1,,CE_N,BAM,ZIMTENGA,ZIMTENGA,,0,0,,2,"Komsilga, Sawadogo Germain,71665746","Pissi , Sans Issaka, 71048924",,,,,,,,,422,205,217,198,107,91,6,media\1397206098000.jpg,media\1397206119067.jpg,media\1397206159740.jpg,media\1397206179849.jpg,media\1397206218180.jpg,media\1397206237814.jpg,,,,,1,,uuid:5b2bd019-70ab-4317-8522-3dfddda261a7,uuid:5b2bd019-70ab-4317-8522-3dfddda261a7
Modifie,4/12/2014 10:06,4/10/2014 9:31,4/10/2014 11:07,10-Apr-14,60:a4:4c:9e:20:f1,,1,,CE_N,NAM,BOALA,BOALA,,1,,,,,,,,,,,,,,269,145,124,124,82,42,1,media\1397127878588.jpg,,,,,,,,,,1,,uuid:de3e1479-9349-4a2b-b7d6-7826d6e870f8,uuid:de3e1479-9349-4a2b-b7d6-7826d6e870f8
Modifie,4/12/2014 9:41,4/8/2014 7:30,4/8/2014 21:42,8-Apr-14,60:a4:4c:9e:20:f1,,1,,CE_N,NAM,BOULSA,BOULSA,,1,,,,,,,,,,,,,,1880,911,969,1305,654,647,1,media\1396955391388.jpg,,,,,,,,,,1,,uuid:c64c5774-3947-4173-a12b-70f66901822f,uuid:c64c5774-3947-4173-a12b-70f66901822f
Modifie,4/22/2014 9:56,4/11/2014 10:17,4/17/2014 17:21,11-Apr-14,d8:50:e6:7f:9f:5e,,1,,CE_N,NAM,BOUROUM,BOUROUM,,0,1,602,6,"AMBARA, OUEDRAOGO Pascal : 75393801","BONDBILA, ZANRE W. Justin : 70333770","KOUGROUSSOUKOU, OUEDRAOGO Inoussa : 70899507","LAMLAMONE, SAWADOGO Wennoga : 61113954","LOUMPINI, OUEDRAOGO Harouna : 71620936","PETOUGA, OUEDRAOGO Karim : 78533984",,,,,672,349,302,541,292,249,2,media\1397297758760.jpg,media\1397297806809.jpg,,,,,,,,,1,,uuid:ae1352f1-4c6a-4621-b7dd-8e4a4968cb49,uuid:ae1352f1-4c6a-4621-b7dd-8e4a4968cb49
Modifie,4/11/2014 12:26,4/9/2014 9:00,4/9/2014 9:11,9-Apr-14,60:a4:4c:9e:20:f1,,1,,CE_N,NAM,DARGO,DARGO,,1,,,,,,,,,,,,,,714,357,357,539,283,256,1,media\1397034541715.jpg,,,,,,,,,,1,,uuid:81805004-6d4f-4760-a81f-54589f9cd97b,uuid:81805004-6d4f-4760-a81f-54589f9cd97b
Modifie,4/22/2014 9:57,4/11/2014 17:25,4/21/2014 10:35,11-Apr-14,d8:50:e6:7f:9f:5e,,1,,CE_N,NAM,NAGBINGOU,NAGBINGOU,,0,0,,5,"Boalin 1, SANOGO Adama : 71881220","Boalin 2, KIEGO Sidbe : 70478790","Rassamtenga, OUEDRAOGO Boureima :70567132","Lelinga, KOBENDE Laurent : 70040756","Horere, NEA K. Issaka : 70008398",,,,,,0,0,0,0,0,0,1,media\1397291219074.jpg,,,,,,,,,,1,,uuid:b98e3778-3bab-402f-a0b7-8ab81fe6212a,uuid:b98e3778-3bab-402f-a0b7-8ab81fe6212a
Modifie,4/21/2014 10:37,4/8/2014 8:45,4/12/2014 8:17,8-Apr-14,d8:50:e6:7f:9f:5e,,1,,CE_N,NAM,TOUGOURI,TOUGOURI,,0,0,,10,"Loguinzou, BELEMVIRE Adams, 75164535","Taffogo III, GUIRA Tiko, 76293870","Taffogo Moemmin, KAFANDO Mahamadou, 70890390 / 78243214.","Tanghin, ZABA Souleymane, 61845446.","Bagmaskinrga, Konsimbo Oumarou, 72553556.",Sankale,"Boanega, SAWADOGO Amidou, 64771890.","Tegsagbo, SAWADOGO Salfo, 76850037.","Nassobgue, KAFANDO Amidou, 76884704.","Gompelgo II, SAWADOGO Ismaila, 71136030.",892,457,435,650,353,297,1,media\1396947719290.jpg,,,,,,,,,,1,,uuid:16bf3492-b86e-49d4-b294-c19a1139438e,uuid:16bf3492-b86e-49d4-b294-c19a1139438e
Modifie,4/22/2014 9:53,4/9/2014 16:01,4/12/2014 9:05,9-Apr-14,d8:50:e6:7f:9f:5e,,1,,CE_N,NAM,YALGO,YALGO,,0,0,,2,"Kolongolmeda, OUEDRAOGO Issouf : 71666264 / 76422883","Taparko B, MAIGA Mamoudou : 78404943 / 76079630",,,,,,,,,637,331,306,434,248,186,1,media\1397063602100.jpg,,,,,,,,,,1,,uuid:e03c3c1b-29fa-4e39-a2b3-9adce9c5c48b,uuid:e03c3c1b-29fa-4e39-a2b3-9adce9c5c48b
Modifie,4/22/2014 9:54,4/10/2014 13:49,4/12/2014 8:14,10-Apr-14,d8:50:e6:7f:9f:5e,,1,,CE_N,NAM,ZEGUEDEGUIN,ZEGUEDEGUIN,,0,0,,4,"KOGONE-NABIN, SOUILI K. HÃ©lÃ¨ne 79418695","LALLOGO, TIENDREBEOGO JosÃ©phine, 76315065","NINIONGHIN, WEDRAOGO Wanyi, 70993507","RAPIELIN, NIKIEMA Yamba, 76884135",,,,,,,422,201,221,213,114,99,1,media\1397137966606.jpg,,,,,,,,,,1,,uuid:0f1aa602-8ca1-4a80-a638-35dfa8395c51,uuid:0f1aa602-8ca1-4a80-a638-35dfa8395c51
Modifie,4/15/2014 8:49,4/8/2014 20:47,4/9/2014 7:13,8-Apr-14,60:a4:4c:9e:12:bf,,1,,CE_N,SAN,BARSALOGHO,BARSALOGHO,,0,1,255 275 280,2,"Ringuema ,nom du directeur:Sawadogo Boureima, contact:72261982","Secteur 3. Nom du Directeur:Ouedraogo Ã‰tienne, contact:70670514",,,,,,,,,1188,602,586,505,283,253,2,media\1397026889167.jpg,media\1397027490269.jpg,,,,,,,,,1,,uuid:465b3cbd-a09a-41b0-b11d-d9489037bd1a,uuid:465b3cbd-a09a-41b0-b11d-d9489037bd1a
Modifie,4/12/2014 17:49,4/11/2014 10:39,4/11/2014 10:43,11-Apr-14,ac:22:0b:3d:e1:76,,1,,CE_N,SAN,BOUSSOUMA (KAYA),BOUSSOUMA_KAYA,,1,,,,,,,,,,,,,,1514,697,817,938,452,486,1,media\1397212931586.jpg; media\1397211898128.jpg,,,,,,,,,,1,,uuid:68cdbb41-ee90-4675-b457-005954db71d7; uuid:a22ee393-39c6-4592-bcf0-ebd04afee53f,uuid:68cdbb41-ee90-4675-b457-005954db71d7
Modifie,4/15/2014 9:03,4/9/2014 18:15,4/10/2014 7:43,9-Apr-14,60:a4:4c:9e:12:bf,,1,,CE_N,SAN,DABLO,DABLO,,0,0,,2,"Konkin, Ouedraogo Hamadou,70538886","Toyende, Sawadogo Ã‰tienne P. 71667007",,,,,,,,,506,232,274,249,117,132,1,media\1397115668764.jpg,,,,,,,,,,1,,uuid:5b45f3d5-dbee-4624-a92b-28e8ecb9b743,uuid:5b45f3d5-dbee-4624-a92b-28e8ecb9b743
Modifie,4/18/2014 15:49,4/8/2014 8:29,4/18/2014 14:53,8-Apr-14,ac:22:0b:3d:e1:76,,1,,CE_N,SAN,KAYA,KAYA,,0,1,1395 1413 1419 1421 1422 1454 1455 1456,0,,,,,,,,,,,2661,1205,1456,1818,880,938,2,media\1396947300286.jpg; media\1396945495665.jpg; media\1396954152505.jpg,media\1396947386276.jpg,,,,,,,,,1,,uuid:1c5d51bd-c8df-4323-8190-2ef5fa7171d2; uuid:b015f3ca-d258-46cc-93a5-b9006e230cbd; uuid:da7c332d-fa80-4910-acac-869563ca6bea,uuid:1c5d51bd-c8df-4323-8190-2ef5fa7171d2
Modifie,4/12/2014 17:55,4/11/2014 11:31,4/11/2014 11:40,11-Apr-14,ac:22:0b:3d:e1:76,,1,,CE_N,SAN,KORSIMORO,KORSIMORO,,1,,,,,,,,,,,,,,1331,642,689,991,495,496,1,media\1397216315843.jpg; media\1397309441256.jpg,,,,,,,,,,1,,uuid:0f904c0c-4ff3-4ecd-94b4-6a27e0ab5ee9; uuid:fdfa5718-9f9a-4edd-a618-39d654d59f05,uuid:0f904c0c-4ff3-4ecd-94b4-6a27e0ab5ee9
Modifie,4/12/2014 18:32,4/10/2014 11:42,4/10/2014 11:48,10-Apr-14,ac:22:0b:3d:e1:76,,1,,CE_N,SAN,MANE,MANE,,1,,,,,,,,,,,,,,711,333,378,572,274,298,1,media\1397130414807.jpg,,,,,,,,,,1,,uuid:1eea5a28-1d8b-408f-b73b-01fe09afbec6,uuid:1eea5a28-1d8b-408f-b73b-01fe09afbec6
Modifie,,,,,,,1,,CE_N,SAN,NAMISSIGUIMA,NAMISSIGUIMA,,,,,,TAMSIN,Namissiguima,Kouglo- Barago,Nawoubkiba,Koundibokin,,,,,,88,36,52,53,25,28,,,,,,,,,,,,,,,
Modifie,4/15/2014 9:53,4/9/2014 10:41,4/9/2014 11:31,9-Apr-14,60:a4:4c:9e:12:bf,,1,,CE_N,SAN,PENSA,PENSA,,0,1,2332 2338,2,"Ã‰cole Nama, Directeur Ã©cole: Kafando W Alphonse, contact:75230883","Ã‰cole Silabila, Directeur Ã©cole:Sawadogo Maurice, contact:70647739",,,,,,,,,291,179,112,183,115,68,1,media\1397042901247.jpg,,,,,,,,,,1,,uuid:89bba736-3ddc-427b-a686-afa7384f85c2,uuid:89bba736-3ddc-427b-a686-afa7384f85c2
Modifie,4/12/2014 10:07,4/11/2014 7:28,4/11/2014 8:00,11-Apr-14,60:a4:4c:9e:20:f1,,1,,CE_N,SAN,PIBAORE,PIBAORE,,0,0,,1,Mastenga,,,,,,,,,,360,186,174,211,116,95,1,media\1397203065400.jpg,,,,,,,,,,1,,uuid:21105e40-321d-4da6-a990-2d1a18a32836,uuid:21105e40-321d-4da6-a990-2d1a18a32836
Modifie,4/15/2014 9:28,4/14/2014 8:35,4/14/2014 15:25,14-Apr-14,60:a4:4c:9e:20:f1,,1,,CE_N,SAN,PISSILA,PISSILA,,1,,,,,,,,,,,,,,1304,646,658,560,306,254,1,media\1397488987583.jpg,,,,,,,,,,1,,uuid:a7d74dbb-e3ee-4fe5-adad-c451f8688273,uuid:a7d74dbb-e3ee-4fe5-adad-c451f8688273
Modifie,4/18/2014 7:35,4/15/2014 9:07,4/17/2014 19:42,15-Apr-14,ac:22:0b:3d:e1:76,,1,,CE_N,SAN,ZIGA,ZIGA,,0,1,3458 3469,7,Poessin,KoupenÃ©,RahalÃ©,Ziga B,Sankoundougou,Sanbtenga,Radgo,,,,405,214,191,360,191,169,1,media\1397553029524.jpg,,,,,,,,,,1,,uuid:12c92676-bd5f-4d2d-bc8e-5373c5cce2d5,uuid:12c92676-bd5f-4d2d-bc8e-5373c5cce2d5
Modifie,4/21/2014 17:44,4/9/2014 14:10,4/9/2014 14:42,9-Apr-14,d8:50:e6:7f:9f:2c,,1,,CE_S,BAZ,DOULOUGOU,DOULOUGOU,,1,,,,,,,,,,,,,,627,274,353,437,203,234,1,media\1397054425847.jpg,,,,,,,,,,1,,uuid:769d4af6-c227-4979-961e-44dcb9807795,uuid:769d4af6-c227-4979-961e-44dcb9807795
Finale,4/8/2014 19:22,4/7/2014 15:27,4/7/2014 16:17,7-Apr-14,60:a4:4c:9e:0b:c9,,1,,CE_S,BAZ,GAONGO,GAONGO,,1,,,,,,,,,,,,,,315,161,154,148,86,62,1,media\1396886680767.jpg,,,,,,,,,,1,,uuid:93460c94-3967-4215-b6b0-6005bf860bf8,
Modifie,4/21/2014 17:43,4/10/2014 6:52,4/10/2014 7:02,10-Apr-14,d8:50:e6:7f:9f:2c,,1,,CE_S,BAZ,IPELCE,IPELCE,,0,1,1353,1,Bandeba,,,,,,,,,,474,248,220,284,160,124,1,media\1397113165563.jpg,,,,,,,,,,1,,uuid:32f996ab-a46f-48da-8802-f71497593d20,uuid:32f996ab-a46f-48da-8802-f71497593d20
Modifie,4/21/2014 17:28,4/13/2014 8:26,4/13/2014 14:05,13-Apr-14,d8:50:e6:7f:9f:2c,,1,,CE_S,BAZ,KAYAO,KAYAO,,1,,,,,,,,,,,,,,907,478,432,490,288,202,1,media\1397397825396.jpg,,,,,,,,,,1,,uuid:1784b5f7-33c7-4ae9-9b4d-1aa3abd2e4ff,uuid:1784b5f7-33c7-4ae9-9b4d-1aa3abd2e4ff
Modifie,4/21/2014 17:50,4/8/2014 13:56,4/8/2014 14:57,8-Apr-14,d8:50:e6:7f:9f:2c,,1,,CE_S,BAZ,KOMBISSIRI,KOMBISSIRI,,0,0,,3,"Lilgomde ,Bazongo Marcellin,78841378","Siguin,Ferra ISaka,76011999","Fonce,Pare Honorine,76117898",,,,,,,,1472,704,768,808,391,417,1,media\1396968926615.jpg,,,,,,,,,,1,,uuid:64266337-77f1-479d-8ac7-670e4335442a,uuid:64266337-77f1-479d-8ac7-670e4335442a
Modifie,4/21/2014 17:42,4/10/2014 11:43,4/10/2014 13:32,10-Apr-14,d8:50:e6:7f:9f:2c,,1,,CE_S,BAZ,SAPONE,SAPONE,,0,1,2626 2637,1,Boulgou Pazoetfom,,,,,,,,,,1214,555,659,785,394,391,1,media\1397136640586.jpg,,,,,,,,,,1,,uuid:f618a721-e8b5-416a-acbf-e8041f14079e,uuid:f618a721-e8b5-416a-acbf-e8041f14079e
Modifie,4/9/2014 17:09,4/9/2014 12:00,4/9/2014 12:47,9-Apr-14,60:a4:4c:9e:0b:c9,,1,,CE_S,BAZ,TOECE,TOECE,,1,,,,,,,,,,,,,,980,492,488,555,272,233,2,media\1397047464636.jpg,media\1397047510442.jpg,,,,,,,,,1,,uuid:b4fde4eb-ecb9-4f88-a83f-1f410c3ba4b9,uuid:b4fde4eb-ecb9-4f88-a83f-1f410c3ba4b9
Modifie,4/18/2014 9:35,4/14/2014 11:00,4/14/2014 11:23,14-Apr-14,10:bf:48:f5:2c:a9,,1,,CE_S,NAH,GUIARO,GUIARO,,0,0,,2,NIKOUEM NIKEMA Fulbert 75215605,NITIANA N'DO Bouima 66990321\70882960,,,,,,,,,342,198,144,165,102,63,2,media\1397473450417.jpg,media\1397473467741.jpg,,,,,,,,,1,,uuid:377158d1-8032-4294-82aa-738754bf967c,uuid:377158d1-8032-4294-82aa-738754bf967c
Finale,4/18/2014 9:27,4/8/2014 16:24,4/8/2014 16:52,8-Apr-14,10:bf:48:f5:2c:a9,,1,,CE_S,NAH,PO,PO,,0,1,2403 2405 2411 2414 2419 2432,5,Yaro -TINTILA SEBONGA 76551474,Dakola B - KEKIMBOU Memouna 70895152,Kagnombouga ANABEBOU Badaoue 74451896,Sonsoala OUEDRAOGO Fulbert 78053890,Tamoana SIA T Fulbert 70091694,,,,,,1399,688,711,883,467,416,2,media\1396974758971.jpg,media\1396974783690.jpg,,,,,,,,,1,,uuid:8d2ee690-99cc-4ea1-a43c-cb5d98a9258a,
Modifie,4/18/2014 9:34,4/11/2014 10:07,4/11/2014 10:53,11-Apr-14,10:bf:48:f5:2c:a9,,1,,CE_S,NAH,TIEBELE,TIEBELE,,0,0,,5,LO-LONGO : POUA Luc 79167656,AVV\V1 : OUEMIKIGA A.Jean 78236560,BADABIE : TOE Joseph 79106449 ou 76015180,BILINGUE : BATAZIM Weleme 78761135 ou 66374708 ou 70018622,MANTIOGONIA : KARFO Saidou 78332823 ou 76001620,,,,,,1215,667,548,639,387,252,2,media\1397213471425.jpg,media\1397213488325.jpg,,,,,,,,,1,,uuid:cb7ff547-d402-4fdf-81f3-2f1e659911af,uuid:cb7ff547-d402-4fdf-81f3-2f1e659911af
Modifie,4/18/2014 9:32,4/10/2014 12:09,4/10/2014 12:19,10-Apr-14,10:bf:48:f5:2c:a9,,1,,CE_S,NAH,ZECCO,ZECCO,,0,0,,1,ZELOGO - Sawadogo Ousseni 78114587,,,,,,,,,,522,264,258,349,184,165,2,media\1397132200213.jpg,media\1397132218925.jpg,,,,,,,,,1,,uuid:03abcb68-5ae9-4e92-a7a5-27bf76da1943,uuid:03abcb68-5ae9-4e92-a7a5-27bf76da1943
Finale,4/18/2014 9:28,4/9/2014 10:43,4/9/2014 11:17,9-Apr-14,10:bf:48:f5:2c:a9,,1,,CE_S,NAH,ZIOU,ZIOU,,0,0,,2,Bossia : nikiema joel 70473308 ou 76270630,Gou : sabre ibrahima 70178222,,,,,,,,,376,176,200,240,128,112,4,media\1397042044943.jpg,media\1397042066093.jpg,media\1397042122550.jpg,media\1397042156731.jpg,,,,,,,1,,uuid:6481777c-48e5-4cd5-8d2a-4fc36b38fc43,
Modifie,4/14/2014 21:16,4/14/2014 15:00,4/14/2014 15:24,14-Apr-14,60:a4:4c:9e:0b:c9,,1,,CE_S,ZOU,BERE,BERE,,1,,,,,,,,,,,,,,695,363,332,531,281,250,2,media\1397488793241.jpg,media\1397488858361.jpg,,,,,,,,,1,,uuid:2eeac886-eb7b-43a5-a557-1ba6b08caa84,uuid:2eeac886-eb7b-43a5-a557-1ba6b08caa84
Modifie,4/11/2014 14:52,4/10/2014 10:54,4/10/2014 12:26,10-Apr-14,60:a4:4c:9e:0b:c9,,1,,CE_S,ZOU,BINDE,BINDE,,1,,,,,,,,,,,,,,777,344,433,379,167,212,3,media\1397132168866.jpg,media\1397132206611.jpg,media\1397132277367.jpg,,,,,,,,1,,uuid:4c0738ee-92db-4fb1-8787-b7b34edbfaed,uuid:4c0738ee-92db-4fb1-8787-b7b34edbfaed
Modifie,4/9/2014 20:21,4/8/2014 12:09,4/8/2014 15:33,8-Apr-14,60:a4:4c:9e:49:e5,,1,,CE_S,ZOU,GOGO,GOGO,,1,,,,,,,,,,,,,,1107,489,618,554,277,277,2,media\1396971079181.jpg,media\1396971132451.jpg,,,,,,,,,1,,uuid:0eac5857-7dd4-4616-8f17-a1dbf2fb54d5,uuid:0eac5857-7dd4-4616-8f17-a1dbf2fb54d5
Modifie,4/10/2014 20:24,4/10/2014 11:11,4/10/2014 14:25,10-Apr-14,60:a4:4c:9e:49:e5,,1,,CE_S,ZOU,GOMBOUSSOUGOU,GOMBOUSSOUGOU,,0,1,1172,1,GOYENGA B,,,,,,,,,,751,349,402,520,250,270,3,media\1397129117656.jpg,media\1397132861380.jpg,media\1397132965041.jpg,,,,,,,,1,,uuid:d19c8ba6-bd8b-48eb-be5e-73f105cfdfa4,uuid:d19c8ba6-bd8b-48eb-be5e-73f105cfdfa4
Modifie,4/14/2014 21:07,4/14/2014 8:50,4/14/2014 9:09,14-Apr-14,60:a4:4c:9e:0b:c9,,1,,CE_S,ZOU,GUIBA,GUIBA,,1,,,,,,,,,,,,,,745,419,326,560,303,257,1,media\1397465903757.jpg,,,,,,,,,,1,,uuid:29467918-ad96-4d4d-b6a7-39fe3c6ce12c,uuid:29467918-ad96-4d4d-b6a7-39fe3c6ce12c
Modifie,4/7/2014 20:19,4/7/2014 15:05,4/7/2014 19:15,7-Apr-14,60:a4:4c:9e:49:e5,,1,,CE_S,ZOU,MANGA,MANGA,,0,1,1825 1827 1833 1834 1840 1843,1,Bonkougou Justin 76663815,,,,,,,,,,944,400,544,598,271,327,1,media\1396886921237.jpg,,,,,,,,,,1,,uuid:651e2a17-b2f3-4429-9a4b-de4f7ae34108,uuid:651e2a17-b2f3-4429-9a4b-de4f7ae34108
Modifie,4/11/2014 20:29,4/11/2014 10:25,4/11/2014 17:41,11-Apr-14,60:a4:4c:9e:49:e5,,1,,CE_S,ZOU,NOBÃ‰RÃ‰,NOBERE,,0,1,2198,2,Nobili B,Bourgna,,,,,,,,,581,276,305,397,193,204,1,media\1397237900114.jpg,,,,,,,,,,1,,uuid:e28ca982-9f41-4e54-8b4c-477bc4da394d,uuid:e28ca982-9f41-4e54-8b4c-477bc4da394d
Modifie,4/11/2014 13:53,4/10/2014 12:13,4/10/2014 18:43,10-Apr-14,d8:50:e6:7f:96:91,,1,,PLA,GAN,BOUDRY,BOUDRY,,1,,,,,,,,,,,,,,1008,525,483,795,438,357,1,media\1397132333283.jpg; media\1397803190204.jpg; media\1397803451834.jpg,,,,,,,,,,1,,uuid:b52fdb32-4785-429f-823a-0cd2b4a40790; uuid:cc3bbc4a-2d4c-4d0d-8eef-92c1952f4042; uuid:fc5d43dd-9a98-447c-8142-df2f3851a71d,uuid:b52fdb32-4785-429f-823a-0cd2b4a40790
Modifie,4/13/2014 12:37,4/11/2014 9:06,4/11/2014 9:56,11-Apr-14,60:a4:4c:9e:2b:e5,,1,,PLA,GAN,KOGHO,KOGHO,,1,,,,,,,,,,,,,,282,153,129,193,114,79,1,media\1397207988456.jpg,,,,,,,,,,1,,uuid:a04099f4-d2a3-4e9d-af40-7f8af6c5a671,uuid:a04099f4-d2a3-4e9d-af40-7f8af6c5a671
Meguet,CEB_modifie,2014-04-08T10:38:23.445Z,2014-04-08T11:00:22.565Z,4/8/2014,60:a4:4c:9e:2b:e5,,1,,PLA,GAN,MEGUET,MEGUET,,1,,,,,,,,,,,,,,733,356,377,392,102,190,3,1396954525397.jpg,1396954570307.jpg,1396954677181.jpg,,,,,,,,1,,uuid:44c7761a-6129-40ba-805e-15d8d7cfe60c,
Modifie,4/11/2014 13:49,4/11/2014 10:03,4/11/2014 10:18,11-Apr-14,d8:50:e6:7f:96:91,,1,,PLA,GAN,MOGTEDO,MOGTEDO,,1,,,,,,,,,,,,,,880,369,511,411,192,219,1,media\1397211386094.jpg; media\1397209061670.jpg,,,,,,,,,,1,,uuid:be50333b-49d1-43b6-b2fa-1844472f49fa; uuid:d28207e4-fdd4-4e73-840e-1b87f296adeb,uuid:be50333b-49d1-43b6-b2fa-1844472f49fa
Modifie,4/16/2014 16:38,4/11/2014 16:28,4/11/2014 16:40,11-Apr-14,60:a4:4c:9e:2b:e5,,1,,PLA,GAN,SALOGO,SALOGO,,1,,,,,,,,,,,,,,355,168,187,184,94,90,1,media\1397234094368.jpg,,,,,,,,,,1,,uuid:ba912a29-a14a-4c45-b3cb-2f6ca44ce8e5,uuid:ba912a29-a14a-4c45-b3cb-2f6ca44ce8e5
Modifie,4/9/2014 17:15,4/9/2014 10:31,4/9/2014 11:00,9-Apr-14,60:a4:4c:9e:2b:e5,,1,,PLA,GAN,ZAM,ZAM,,1,,,,,,,,,,,,,,622,299,323,471,242,229,1,media\1397040837507.jpg,,,,,,,,,,1,,uuid:35da11f4-101d-4bc9-8c74-e67632a484e0,uuid:35da11f4-101d-4bc9-8c74-e67632a484e0
Modifie,4/17/2014 7:38,4/17/2014 6:45,4/17/2014 6:50,17-Apr-14,d8:50:e6:7f:96:91,,1,,PLA,GAN,ZORGHO,ZORGHO,,1,,,,,,,,,,,,,,1664,790,874,883,440,443,1,media\1397717296682.jpg; media\1397716900993.jpg,,,,,,,,,,1,,uuid:60a2f490-a5b9-4003-a4c0-fd7fc3f540fe; uuid:e203dda0-f533-4db7-8327-0d807e208aea,uuid:60a2f490-a5b9-4003-a4c0-fd7fc3f540fe
Modifie,4/18/2014 11:19,4/18/2014 6:22,4/18/2014 6:26,18-Apr-14,d8:50:e6:7f:96:91,,1,,PLA,GAN,ZOUNGOU,ZOUNGOU,,1,,,,,,,,,,,,,,457,238,219,186,111,75,1,media\1397802314538.jpg,,,,,,,,,,1,,uuid:f89b21f5-71c5-4799-bd57-13a50b60595e,uuid:f89b21f5-71c5-4799-bd57-13a50b60595e
Modifie,4/21/2014 16:42,4/8/2014 12:51,4/8/2014 17:19,8-Apr-14,60:a4:4c:99:b2:d1,,1,,PLA,KOU,BOUSSE,BOUSSE,,0,0,,7,"Koui b ,nana francois",Kaonghin b,Nakomtenga,"Tendadtenga, ouedraogow. Eric","Fingla, ouedraogo s. Theophile","Kolonkoom, bado b. Claude",Widtenga,,,,1592,788,804,792,389,403,2,media\1396973819719.jpg,media\1396977474112.jpg,,,,,,,,,1,,uuid:2c6aa971-bbb9-49d4-8017-1c40075e8434,uuid:2c6aa971-bbb9-49d4-8017-1c40075e8434
Modifie,4/21/2014 16:43,4/10/2014 9:49,4/10/2014 9:56,10-Apr-14,60:a4:4c:99:b2:d1,,1,,PLA,KOU,LAYE,LAYE,,0,0,,1,Toghin,,,,,,,,,,576,257,319,222,115,107,1,media\1397123687226.jpg,,,,,,,,,,1,,uuid:fe338a94-b81c-4645-a9eb-8d301745fb9a,uuid:fe338a94-b81c-4645-a9eb-8d301745fb9a
Modifie,4/21/2014 16:43,4/9/2014 15:02,4/9/2014 15:52,9-Apr-14,60:a4:4c:99:b2:d1,,1,,PLA,KOU,NIOU,NIOU,,0,0,,4,Massere,Nabzinigma,Natengkodgo,BELE,,,,,,,698,363,335,435,207,228,1,media\1397058644408.jpg,,,,,,,,,,1,,uuid:a28362ce-36d5-4be5-b773-ab03df575fa0,uuid:a28362ce-36d5-4be5-b773-ab03df575fa0
Modifie,4/21/2014 16:43,4/14/2014 9:01,4/14/2014 9:24,14-Apr-14,60:a4:4c:99:b2:d1,,1,,PLA,KOU,SOURGOUBILA,SOURGOUBILA,,0,0,,2,Bangtogdo B,Bagyiri,,,,,,,,,1255,630,625,450,253,197,1,media\1397466712642.jpg,,,,,,,,,,1,,uuid:d9de19df-3550-4f63-94bc-69fec3b2b288,uuid:d9de19df-3550-4f63-94bc-69fec3b2b288
Modifie,4/21/2014 16:42,4/9/2014 12:42,4/9/2014 12:57,9-Apr-14,60:a4:4c:99:b2:d1,,1,,PLA,KOU,TOEGHIN,TOEGHIN,,0,0,,6,GOGSE,KANGRE,PESSALGA,TANGZOUGOU,TOUSSOUGTENGA,yOUBGA,,,,,458,230,228,224,125,99,1,media\1397048182053.jpg,,,,,,,,,,1,,uuid:69605850-c977-492e-ba94-7bb61602a94e,uuid:69605850-c977-492e-ba94-7bb61602a94e
Modifie,4/15/2014 17:32,4/14/2014 10:26,4/14/2014 10:42,14-Apr-14,60:a4:4c:9e:2b:e5,,1,,PLA,OUB,ABSOUYA,ABSOUYA,,1,,,,,,,,,,,,,,322,183,139,179,116,63,1,media\1397471906612.jpg,,,,,,,,,,1,,uuid:8ad333b1-b60e-4803-aaf3-a6da582af8c6,uuid:8ad333b1-b60e-4803-aaf3-a6da582af8c6
Modifie,4/9/2014 19:29,4/9/2014 8:32,4/9/2014 9:16,9-Apr-14,60:a4:4c:99:c7:a7,,1,,PLA,OUB,DAPELOGO,DAPELOGO,,0,1,815 818,1,Souka,,,,,,,,,,1164,503,661,734,327,407,1,media\1397034825380.jpg; media\1397030499084.jpg,,,,,,,,,,1,,uuid:5877114a-d830-401a-a80b-bf27bc67020a; uuid:a327abb0-4675-49e4-8b7d-94922636883f,uuid:5877114a-d830-401a-a80b-bf27bc67020a
Modifie,4/14/2014 17:50,4/14/2014 7:41,4/14/2014 17:47,14-Apr-14,60:a4:4c:99:c7:a7,,1,,PLA,OUB,LOUMBILA,LOUMBILA,,0,0,,1,Nangtenga,,,,,,,,,,969,439,530,746,336,410,2,media\1397461502274.jpg,media\1397461714945.jpg,,,,,,,,,1,,uuid:481354f4-d305-462f-9208-2898e6304a48,uuid:481354f4-d305-462f-9208-2898e6304a48
Modifie,4/14/2014 13:33,4/14/2014 8:09,4/14/2014 8:23,14-Apr-14,d8:50:e6:7f:96:91,,1,,PLA,OUB,NAGREONGO,NAGREONGO,,0,1,2052 2057 2061,2,Youtenga,Badnogo,,,,,,,,,435,215,220,305,159,146,1,media\1397463704718.jpg,,,,,,,,,,1,,uuid:74dc536f-c823-4b86-871c-0d93aae1835c,uuid:74dc536f-c823-4b86-871c-0d93aae1835c
Modifie,4/10/2014 20:50,4/10/2014 8:29,4/10/2014 19:38,10-Apr-14,60:a4:4c:99:c7:a7,,1,,PLA,OUB,OURGOU-MANEGA,OURGOU-MANEGA,,0,0,,3,Bissighin,Tiguemtenga,Yobitenga,,,,,,,,434,212,222,288,152,136,1,media\1397120944288.jpg,,,,,,,,,,1,,uuid:4eaa39fc-6253-463d-98d9-1d5a9d5a31fe,uuid:4eaa39fc-6253-463d-98d9-1d5a9d5a31fe
Modifie,4/9/2014 19:30,4/9/2014 16:01,4/9/2014 19:11,9-Apr-14,60:a4:4c:99:c7:a7,,1,,PLA,OUB,ZINIARÃ‰,ZINIARE,,0,1,3495 3496 3504,1,Badnogo,,,,,,,,,,1575,746,829,1122,587,535,1,media\1397059924464.jpg; media\1397147083364.jpg; media\1396981703754.jpg,,,,,,,,,,1,,uuid:b0ffd67c-ce43-405d-88c0-a5222063b885; uuid:b4fb1e7f-3ff4-461a-827c-ed9f4adfd275; uuid:c771b090-a6d4-4eaa-a2bb-cb466d622119,uuid:b0ffd67c-ce43-405d-88c0-a5222063b885
Modifie,4/11/2014 19:51,4/11/2014 7:22,4/11/2014 19:36,11-Apr-14,60:a4:4c:99:c7:a7,,1,,PLA,OUB,ZITENGA,ZITENGA,,0,0,,0,,,,,,,,,,,852,405,447,503,269,234,1,media\1397201216328.jpg,,,,,,,,,,1,,uuid:416c8f6c-1028-45af-9d55-2c994edfdbcd,uuid:416c8f6c-1028-45af-9d55-2c994edfdbcd
Modifie,4/15/2014 23:05,4/11/2014 15:04,4/11/2014 15:27,11-Apr-14,60:a4:4c:97:26:13,,1,,SAH,OUD,DEOU,DEOU,,0,0,,4,Goula Est,N'gael,Djawe,Basnere,,,,,,,163,86,77,99,58,41,7,media\1397229861786.jpg,media\1397229877260.jpg,media\1397229892120.jpg,media\1397229904490.jpg,media\1397229915252.jpg,media\1397229929657.jpg,media\1397229945072.jpg,,,,1,,uuid:49ac35d3-bd8a-4232-b596-15a1b9c59da8,uuid:49ac35d3-bd8a-4232-b596-15a1b9c59da8
Modifie,4/15/2014 23:28,4/9/2014 8:07,4/15/2014 23:26,9-Apr-14,60:a4:4c:97:26:13,,1,,SAH,OUD,GOROM-GOROM,GOROM-GOROM,,0,0,,9,Bagawa,Guessel,Tassiri,Gountoure,Essakane site B,Doumam B,Kome,Darkoye magala,Ã‰cole communale,,981,517,364,535,295,240,2,media\1397056924425.jpg,media\1397146557087.jpg,,,,,,,,,1,,uuid:228fccdd-108c-4e6c-b8b0-369c58bcc226,uuid:228fccdd-108c-4e6c-b8b0-369c58bcc226
Modifie,4/15/2014 23:05,4/14/2014 7:22,4/14/2014 8:31,14-Apr-14,7cd9196743cc266,,1,,SAH,OUD,MARKOYE,MARKOYE,,0,0,,3,Konsi B,Markoye C,Salmossi B,,,,,,,,533,290,243,298,165,133,1,media\1397464231237.jpg,,,,,,,,,,1,,uuid:5d287040-b58a-4ba1-968a-822e9e7d70f6,uuid:5d287040-b58a-4ba1-968a-822e9e7d70f6
Modifie,4/15/2014 23:04,4/11/2014 8:10,4/11/2014 8:19,11-Apr-14,60:a4:4c:97:26:13,,1,,SAH,OUD,OURSI,OURSI,,0,0,,5,Tountel,Torom,Tema,Gountoure,Timbolo,,,,,,140,97,43,113,84,29,1,media\1397204295697.jpg,,,,,,,,,,1,,uuid:213b0be7-9d05-4956-bb2c-f1e8b603de0b,uuid:213b0be7-9d05-4956-bb2c-f1e8b603de0b
Modifie,4/15/2014 23:03,4/10/2014 9:56,4/10/2014 16:04,10-Apr-14,60:a4:4c:97:26:13,,1,,SAH,OUD,TIN-AKOFF,TIN-AKOFF,,0,0,,2,Adjarara,Wortoufou,,,,,,,,,344,210,134,138,104,34,1,media\1397124280578.jpg,,,,,,,,,,1,,uuid:e121b10d-0cba-4fc5-a00d-a3e568d28647,uuid:e121b10d-0cba-4fc5-a00d-a3e568d28647
Modifie,4/15/2014 8:57,4/13/2014 7:09,4/13/2014 7:31,13-Apr-14,60:a4:4c:9d:fb:cd,,1,,SAH,SEN,BANI,BANI,,0,0,,0,,,,,,,,,,,536,299,237,205,135,70,2,media\1397374136917.jpg,media\1397374194610.jpg,,,,,,,,,1,,uuid:f3f38757-b8ed-4222-81c9-db84570b9da3,uuid:f3f38757-b8ed-4222-81c9-db84570b9da3
Modifie,4/15/2014 8:57,4/10/2014 12:10,4/10/2014 21:51,10-Apr-14,60:a4:4c:9d:fb:cd,,1,,SAH,SEN,DORI,DORI,,0,1,950 977,0,,,,,,,,,,,1314,658,656,612,321,291,3,media\1397131963432.jpg,media\1397142623225.jpg,media\1397142666497.jpg,,,,,,,,1,,uuid:69ed6338-ced3-43aa-95c6-0bfaaf74c025,uuid:69ed6338-ced3-43aa-95c6-0bfaaf74c025
Modifie,4/9/2014 20:47,4/9/2014 8:08,4/9/2014 8:48,9-Apr-14,60:a4:4c:9d:fb:cd,,1,,SAH,SEN,FALAGOUNTOU,FALAGOUNTOU,,0,0,,6,"Falagountou C, OuÃ©draogo W Ã‰lu, 71017423/76217241","Gourari, Ouedraogo Issouf,73014225","EkÃ©ou, Mai ga S Moumouni, 70615547/79302290","Clinganaye, Mai ga Amadou Hama, 70473318/78652927","FetobarabÃ©, OuÃ©draogo Idrissa, 70705074/76903227","Gourara, Mai ga Karimoune, 70620768",,,,,269,138,131,176,75,81,1,media\1397033176467.jpg,,,,,,,,,,1,,uuid:d4497cef-445d-4577-862c-dd82a3f568c2,uuid:d4497cef-445d-4577-862c-dd82a3f568c2
Modifie,4/15/2014 8:50,4/8/2014 9:29,4/8/2014 10:35,8-Apr-14,60:a4:4c:9d:fb:cd,,1,,SAH,SEN,GORGADJI,GORGADJI,,0,1,1179,10,"Bangataka B, DICKO GagnÃ© Amadou 76 92 15 14","Gorgadji B, ZONGO Pali gui Wende, 70337038","Fasse DankÃ©, OUEDRAOGO Julle , 70958706","Lelly Classique, Koura Mamoudzou 76391589","Lelly Bilakokay, Sawadogo OussÃ©ni, 71001389","LÃ©rÃ© Mossi, Savagogo Abdoulay, 76668501","Lougoun TiamÃ¨, Nass Ã  Bonsadabassogo, 70948171","Petelgnanki, TraorÃ© Isac, 72035520","Petapoura, Maiga Abdalla, 72368745","Tiabia, Soma Karim, 74412454",330,191,139,171,105,66,1,media\1396952948850.jpg,,,,,,,,,,1,,uuid:a8107432-8b6a-4bac-83ae-6f83b6381659,uuid:a8107432-8b6a-4bac-83ae-6f83b6381659
Modifie,4/15/2014 8:56,4/10/2014 9:40,4/11/2014 14:51,10-Apr-14,60:a4:4c:9d:fb:cd,,1,,SAH,SEN,SAMPELGA,SAMPELGA,,0,0,,5,"BolaarÃ©, Sawadogo MoÃ¯se, 71292717","Gassel, KaborÃ© N Paul, 70734555","Karo, Zigani Bernard, 77609292/78704063","Koyra, Dabakuyo Amos, 78233321","Ouro Mougnal, Show Souleyman, 71361691",,,,,,239,142,97,77,51,26,1,media\1397227780495.jpg,,,,,,,,,,1,,uuid:e790a458-4ea5-480d-b832-e0da1fecec8b,uuid:e790a458-4ea5-480d-b832-e0da1fecec8b
Modifie,4/15/2014 8:57,4/11/2014 9:24,4/11/2014 9:58,11-Apr-14,60:a4:4c:9d:fb:cd,,1,,SAH,SEN,SEYTENGA,SEYTENGA,,0,0,,0,,,,,,,,,,,388,232,156,164,125,39,1,media\1397210243318.jpg,,,,,,,,,,1,,uuid:10c08e8a-3118-4fca-ac0a-b14160acbeea,uuid:10c08e8a-3118-4fca-ac0a-b14160acbeea
Modifie,4/16/2014 21:06,4/14/2014 8:14,4/14/2014 12:32,14-Apr-14,d8:50:e6:7f:97:e0,,1,,SAH,SOU,ARIBINDA,ARIBINDA,,0,1,91,9,BOULKESSI,BOULOUDOU,CEBNF,DJIKAÂ«BÂ»,GOREL Â«BÂ»,GOREL C,Lele,LOAGA,BELHOUTE B,,667,348,319,504,279,225,1,media\1397463513803.jpg,,,,,,,,,,1,,uuid:e29e3674-de1f-4218-9059-0a093170b363,uuid:e29e3674-de1f-4218-9059-0a093170b363
Modifie,4/12/2018 11:53,4/18/2018 21:06,12-Apr-18,60:a4:4c:99:d0:23,,,1,,SAH,SOU,BARABOULE,BARABOULE,,0,0,,3,Baraboule B Joins Salif,Fili-fili  78254465,Guango Mohamed,,,,,,,,390,185,205,330,169,161,1,media\1397217567842.jpg,,,,,,,,,,1,,uuid:f397be2f-617f-4df7-9dcc-306b677a93c3,uuid:f397be2f-617f-4df7-9dcc-306b677a93c3
Modifie,,,,,,,1,,SAH,SOU,DIGUEL ,DIGUEL ,,,,,,,,,,,,,,,,83,50,33,29,19,10,,,,,,,,,,,,,,,
Modifie,4/18/2014 10:21,4/9/2014 17:17,4/9/2014 17:28,9-Apr-14,60:a4:4c:99:d0:23,,1,,SAH,SOU,DJIBO,DJIBO,,1,,,,,,,,,,,,,,838,434,404,547,289,258,1,media\1397064373468.jpg,,,,,,,,,,1,,uuid:bb68d8f2-e3ea-4c3a-a3e8-0576bc08ccc7,uuid:bb68d8f2-e3ea-4c3a-a3e8-0576bc08ccc7
Modifie,4/16/2014 21:23,4/10/2014 8:18,4/12/2014 10:07,10-Apr-14,d8:50:e6:7f:97:e0,,1,,SAH,SOU,KELBO,KELBO,,0,1,1505,4,BOTTOGUI B,BOLLIIN,KELBO D,POUGOUZAIBAOGO A,,,,,,,383,178,175,186,99,87,1,media\1397133401803.jpg,,,,,,,,,,1,,uuid:307548bb-e621-4658-a8b5-dd8d53db9ae8,uuid:307548bb-e621-4658-a8b5-dd8d53db9ae8
Modifie,4/19/2014 10:55,4/11/2014 11:21,4/19/2014 10:33,11-Apr-14,d8:50:e6:7f:97:e0,,1,,SAH,SOU,KOUTOUGOU,KOUTOUGOU,,0,0,,5,PALIPAGA,ARRA DEBERE,ARRA FULBE,KELTORE,DAHORE,,,,,,103,62,41,96,55,41,1,media\1397903559847.jpg,,,,,,,,,,1,,uuid:9a015937-af4a-405e-a29f-9f8b7cc9e34b,uuid:9a015937-af4a-405e-a29f-9f8b7cc9e34b
Modifie,4/18/2014 13:45,4/18/2014 10:41,4/18/2014 10:47,18-Apr-14,60:a4:4c:99:d0:23,,1,,SAH,SOU,NASSOUMBOU,NASSOUMBOU,,1,,,,,,,,,,,,,,120,75,45,100,60,40,1,media\1397817929038.jpg,,,,,,,,,,1,,uuid:b7eed8b5-4efd-4795-b947-ba85b453c53b,uuid:b7eed8b5-4efd-4795-b947-ba85b453c53b
Modifie,4/18/2014 10:21,4/15/2014 9:59,4/18/2014 10:21,15-Apr-14,60:a4:4c:99:d0:23,,1,,SAH,SOU,POBE-MENGAO,POBE-MENGAO,,0,0,,3,Gargaboule c Sanou Sini,Barkana Baldini Zakaria,Bougue AK Weremi kougraogo,,,,,,,,559,249,330,392,176,216,1,media\1397556850528.jpg,,,,,,,,,,1,,uuid:a2d307bd-ce26-43ca-b19b-735ba0282c0d,uuid:a2d307bd-ce26-43ca-b19b-735ba0282c0d
Modifie,4/16/2014 21:49,4/9/2014 10:59,4/9/2014 11:37,9-Apr-14,d8:50:e6:7f:97:e0,,1,,SAH,SOU,TONGOMAYEL,TONGOMAYEL,,0,0,,3,BREGGEL FASSOURE,MAMASSI GAOUBILE,SERGOUSSOUMA BILE,,,,,,,,495,282,213,325,199,126,1,media\1397043267095.jpg,,,,,,,,,,1,,uuid:478c4435-ffb3-4154-a549-d2aecb4f2485,uuid:478c4435-ffb3-4154-a549-d2aecb4f2485
Modifie,4/13/2014 15:37,4/11/2014 15:46,4/11/2014 18:01,11-Apr-14,60:a4:4c:9e:0c:33,,1,,SAH,YAG,BOUNDORE,BOUNDORE,,0,0,,1,BONBOROU,,,,,,,,,,242,149,93,77,48,29,1,media\1397231399532.jpg,,,,,,,,,,1,,uuid:75c85896-91f7-4984-8b36-ac7b81d56e66,uuid:75c85896-91f7-4984-8b36-ac7b81d56e66
Modifie,4/13/2014 15:57,4/11/2014 9:46,4/11/2014 9:56,11-Apr-14,60:a4:4c:9e:0c:33,,1,,SAH,YAG,MANSILA,MANSILA,,0,0,,3,Binguel badji,Dantchani,Ouro guede,,,,,,,,387,235,152,244,146,98,3,media\1397209985509.jpg,media\1397210025819.jpg,media\1397210065838.jpg,,,,,,,,1,,uuid:ad2b68b5-efac-495e-b2c7-b6de38e32b12,uuid:ad2b68b5-efac-495e-b2c7-b6de38e32b12
Modifie,4/13/2014 16:09,4/9/2014 12:25,4/9/2014 12:52,9-Apr-14,60:a4:4c:9e:0c:33,,1,,SAH,YAG,SEBBA,SEBBA,,1,,,,,,,,,,,,,,383,215,168,132,82,50,3,media\1397047725507.jpg,media\1397047744004.jpg,media\1397047769537.jpg,,,,,,,,1,,uuid:90ce1f91-4e84-4127-8d90-78aaf2574203,uuid:90ce1f91-4e84-4127-8d90-78aaf2574203
Modifie,4/13/2014 16:10,4/10/2014 11:58,4/10/2014 12:12,10-Apr-14,60:a4:4c:9e:0c:33,,1,,SAH,YAG,SOLHAN,SOLHAN,,0,0,,6,SAWADOGO Mahamoudou. 71999670,SODRE TIDIANI 60588414,LY ABDOULAYE 74518099,KAABO KOUTOU SOUMAILA 77869696,NARE ADAMA 78217903,YELEM BIRI AMADOU BOUBACAR 76539121,,,,,308,141,168,198,98,100,1,media\1397131846772.jpg,,,,,,,,,,1,,uuid:31ad2abd-b9cb-49e2-ab11-acb59e5fba05,uuid:31ad2abd-b9cb-49e2-ab11-acb59e5fba05
Modifie,4/13/2014 16:11,4/12/2014 8:37,4/12/2014 8:42,12-Apr-14,60:a4:4c:9e:0c:33,,1,,SAH,YAG,TANKOUGOUNADIE,TANKOUGOUNADIE,,1,,,,,,,,,,,,,,108,54,54,58,33,25,1,media\1397292051584.jpg,,,,,,,,,,1,,uuid:5119b607-451e-41f8-b63c-77c2c5ba89c4,uuid:5119b607-451e-41f8-b63c-77c2c5ba89c4
Modifie,4/16/2014 17:56,4/14/2014 14:11,4/14/2014 14:35,14-Apr-14,60:a4:4c:9e:0c:33,,1,,SAH,YAG,TITABE,TITABE,,0,0,,2,BATIBOGOU C,DJOUNGODIO,,,,,,,,,123,58,65,87,44,43,1,media\1397486013374.jpg,,,,,,,,,,1,,uuid:11351198-974b-4e00-9e6d-485417109405,uuid:11351198-974b-4e00-9e6d-485417109405
