Source,Commune,ï»¿SubmissionDate,start,end,today,deviceid,info_note,consentement,consentement_note,region,province,district,commune,commune_checked,sd_a_01-projected_deliveries_1,sd_a_01-assisted_deliveries_1,sd_a_02-target_vaccination_BCG_1,sd_a_02-vaccination_coverage_BCG_1,sd_a_03-target_vaccination_VPO3_1,sd_a_03-vaccination_coverage_VPO3_1,sd_a_04-target_vaccination_DTCHepHib3_1,sd_a_04-vaccination_coverage_DTCHepHib3_1,sd_a_05-target_vaccination_VAR_1,sd_a_05-vaccination_coverage_VAR_1,sd_a_06-target_vaccination_VAA_1,sd_a_06-vaccination_coverage_VAA_1,commune2,sd_b_01-projected_deliveries_2,sd_b_01-assisted_deliveries_2,sd_b_02-target_vaccination_BCG_2,sd_b_02-vaccination_coverage_BCG_2,sd_b_03-target_vaccination_VPO3_2,sd_b_03-vaccination_coverage_VPO_2,sd_b_04-target_vaccination_DTCHepHib3_2,sd_b_04-vaccination_coverage_DTCHepHib3_2,sd_b_05-target_vaccination_VAR_2,sd_b_05-vaccination_coverage_VAR_2,sd_b_06-target_vaccination_VAA_2,sd_b_06-vaccination_coverage_VAA_2,commune3,sd_c_01-projected_deliveries_3,sd_c_01-assisted_deliveries_3,sd_c_02-target_vaccination_BCG_3,sd_c_02-vaccination_coverage_BCG_3,sd_c_03-target_vaccination_VPO3_3,sd_c_03-vaccination_coverage_VPO_3,sd_c_04-target_vaccination_DTCHepHib3_3,sd_c_04-vaccination_coverage_DTCHepHib3_3,sd_c_05-target_vaccination_VAR_3,sd_c_05-vaccination_coverage_VAR_3,sd_c_06-target_vaccination_VAA_3,sd_c_06-vaccination_coverage_VAA_3,commune4,sd_d_01-projected_deliveries_4,sd_d_01-assisted_deliveries_4,sd_d_02-target_vaccination_BCG_4,sd_d_02-vaccination_coverage_BCG_4,sd_d_03-target_vaccination_VPO3_4,sd_d_03-vaccination_coverage_VPO_4,sd_d_04-target_vaccination_DTCHepHib3_4,sd_d_04-vaccination_coverage_DTCHepHib3_4,sd_d_05-target_vaccination_VAR_4,sd_d_05-vaccination_coverage_VAR_4,sd_d_06-target_vaccination_VAA_4,sd_d_06-vaccination_coverage_VAA_4,commune5,sd_e_01-projected_deliveries_5,sd_e_01-assisted_deliveries_5,sd_e_02-target_vaccination_BCG_5,sd_e_02-vaccination_coverage_BCG_5,sd_e_03-target_vaccination_VPO3_5,sd_e_03-vaccination_coverage_VPO_5,sd_e_04-target_vaccination_DTCHepHib3_5,sd_e_04-vaccination_coverage_DTCHepHib3_5,sd_e_05-target_vaccination_VAR_5,sd_e_05-vaccination_coverage_VAR_5,sd_e_06-target_vaccination_VAA_5,sd_e_06-vaccination_coverage_VAA_5,commune6,sd_f_01-projected_deliveries_6,sd_f_01-assisted_deliveries_6,sd_f_02-target_vaccination_BCG_6,sd_f_02-vaccination_coverage_BCG_6,sd_f_03-target_vaccination_VPO3_6,sd_f_03-vaccination_coverage_VPO_6,sd_f_04-target_vaccination_DTCHepHib3_6,sd_f_04-vaccination_coverage_DTCHepHib3_6,sd_f_05-target_vaccination_VAR_6,sd_f_05-vaccination_coverage_VAR_6,sd_f_06-target_vaccination_VAA_6,sd_f_06-vaccination_coverage_VAA_6,commune7,sd_g_01-projected_deliveries_7,sd_g_01-assisted_deliveries_7,sd_g_02-target_vaccination_BCG_7,sd_g_02-vaccination_coverage_BCG_7,sd_g_03-target_vaccination_VPO3_7,sd_g_03-vaccination_coverage_VPO_7,sd_g_04-target_vaccination_DTCHepHib3_7,sd_g_04-vaccination_coverage_DTCHepHib3_7,sd_g_05-target_vaccination_VAR_7,sd_g_05-vaccination_coverage_VAR_7,sd_g_06-target_vaccination_VAA_7,sd_g_06-vaccination_coverage_VAA_7,commune8,sd_h_01-projected_deliveries_8,sd_h_01-assisted_deliveries_8,sd_h_02-target_vaccination_BCG_8,sd_h_02-vaccination_coverage_BCG_8,sd_h_03-target_vaccination_VPO3_8,sd_h_03-vaccination_coverage_VPO_8,sd_h_04-target_vaccination_DTCHepHib3_8,sd_h_04-vaccination_coverage_DTCHepHib3_8,sd_h_05-target_vaccination_VAR_8,sd_h_05-vaccination_coverage_VAR_8,sd_h_06-target_vaccination_VAA_8,sd_h_06-vaccination_coverage_VAA_8,commune9,sd_i_01-projected_deliveries_9,sd_i_01-assisted_deliveries_9,sd_i_02-target_vaccination_BCG_9,sd_i_02-vaccination_coverage_BCG_9,sd_i_03-target_vaccination_VPO3_9,sd_i_03-vaccination_coverage_VPO_9,sd_i_04-target_vaccination_DTCHepHib3_9,sd_i_04-vaccination_coverage_DTCHepHib3_9,sd_i_05-target_vaccination_VAR_9,sd_i_05-vaccination_coverage_VAR_9,sd_i_06-target_vaccination_VAA_9,sd_i_06-vaccination_coverage_VAA_9,information-information_q,information-note_inf,meta-instanceID,KEY
Modifie,1,4/13/2014 18:52,4/13/2014 9:44,4/13/2014 10:00,13-Apr-14,10:bf:48:f5:2c:01,,1,,CAS,COM,BAN,BANFORA,BANFORA,5455,3709,6125,5432,5240,4713,5240,4713,5240,4338,5240,4338,,,,,,,,,,,,,,,,,,,,,,,,,,,,,,,,,,,,,,,,,,,,,,,,,,,,,,,,,,,,,,,,,,,,,,,,,,,,,,,,,,,,,,,,,,,,,,,,,,,,,,,,,1,,uuid:6c495e4f-9f86-475b-9f25-a8bec5d8a8f5,uuid:6c495e4f-9f86-475b-9f25-a8bec5d8a8f5
Modifie,2,4/13/2014 18:52,4/13/2014 9:44,4/13/2014 10:00,13-Apr-14,10:bf:48:f5:2c:01,,1,,CAS,COM,BAN,BEREGADOUGOU,BEREGADOUGOU,564,372,535,372,458,372,458,372,458,360,458,360,,,,,,,,,,,,,,,,,,,,,,,,,,,,,,,,,,,,,,,,,,,,,,,,,,,,,,,,,,,,,,,,,,,,,,,,,,,,,,,,,,,,,,,,,,,,,,,,,,,,,,,,,1,,uuid:6c495e4f-9f86-475b-9f25-a8bec5d8a8f5,uuid:6c495e4f-9f86-475b-9f25-a8bec5d8a8f5
Modifie,3,4/13/2014 18:52,4/13/2014 9:44,4/13/2014 10:00,13-Apr-14,10:bf:48:f5:2c:01,,1,,CAS,COM,BAN,MOUSSODOUGOU,MOUSSODOUGOU,626,425,593,596,508,578,508,578,508,482,508,482,,,,,,,,,,,,,,,,,,,,,,,,,,,,,,,,,,,,,,,,,,,,,,,,,,,,,,,,,,,,,,,,,,,,,,,,,,,,,,,,,,,,,,,,,,,,,,,,,,,,,,,,,1,,uuid:6c495e4f-9f86-475b-9f25-a8bec5d8a8f5,uuid:6c495e4f-9f86-475b-9f25-a8bec5d8a8f5
Modifie,1,4/10/2014 19:13,4/10/2014 19:03,4/10/2014 19:11,10-Apr-14,ac:22:0b:42:f3:5f,,1,,CAS,COM,BAN,NIANGOLOKO,NIANGOLOKO,3618,3687,3432,4379,2937,4157,2937,4157,2937,4023,2937,4023,,,,,,,,,,,,,,,,,,,,,,,,,,,,,,,,,,,,,,,,,,,,,,,,,,,,,,,,,,,,,,,,,,,,,,,,,,,,,,,,,,,,,,,,,,,,,,,,,,,,,,,,,1,,uuid:ae5dae6e-5829-4f13-b88b-d470ac20f9d5,uuid:ae5dae6e-5829-4f13-b88b-d470ac20f9d5
Modifie,5,4/13/2014 18:52,4/13/2014 9:44,4/13/2014 10:00,13-Apr-14,10:bf:48:f5:2c:01,,1,,CAS,COM,BAN,SOUBAKANIEDOUGOU,SOUBAKANIEDOUGOU,1574,1257,1491,1628,1278,1584,1278,1584,1278,1523,1278,1523,,,,,,,,,,,,,,,,,,,,,,,,,,,,,,,,,,,,,,,,,,,,,,,,,,,,,,,,,,,,,,,,,,,,,,,,,,,,,,,,,,,,,,,,,,,,,,,,,,,,,,,,,1,,uuid:6c495e4f-9f86-475b-9f25-a8bec5d8a8f5,uuid:6c495e4f-9f86-475b-9f25-a8bec5d8a8f5
Modifie,6,4/13/2014 18:52,4/13/2014 9:44,4/13/2014 10:00,13-Apr-14,10:bf:48:f5:2c:01,,1,,CAS,COM,BAN,TIEFORA,TIEFORA,2593,1883,2684,3136,2298,2836,2298,2783,2298,2839,2298,2839,,,,,,,,,,,,,,,,,,,,,,,,,,,,,,,,,,,,,,,,,,,,,,,,,,,,,,,,,,,,,,,,,,,,,,,,,,,,,,,,,,,,,,,,,,,,,,,,,,,,,,,,,1,,uuid:6c495e4f-9f86-475b-9f25-a8bec5d8a8f5,uuid:6c495e4f-9f86-475b-9f25-a8bec5d8a8f5
Modifie,1,4/8/2014 18:49,4/7/2014 18:43,4/8/2014 18:23,7-Apr-14,ac:22:0b:42:f3:5f,,1,,CAS,COM,MANG,MANGODARA,MANGODARA,2930,2409,2665,3861,2628,3381,2628,3381,2628,3363,2628,3363,,,,,,,,,,,,,,,,,,,,,,,,,,,,,,,,,,,,,,,,,,,,,,,,,,,,,,,,,,,,,,,,,,,,,,,,,,,,,,,,,,,,,,,,,,,,,,,,,,,,,,,,,1,,uuid:ef57cfdf-f1a4-4d72-a590-b808afd5fbfe,uuid:ef57cfdf-f1a4-4d72-a590-b808afd5fbfe
Modifie,2,4/8/2014 18:49,4/7/2014 18:43,4/8/2014 18:23,7-Apr-14,ac:22:0b:42:f3:5f,,1,,CAS,COM,MANG,OUO,OUO,1539,895,1440,1839,1440,1605,1440,1605,1440,1539,1440,1558,,,,,,,,,,,,,,,,,,,,,,,,,,,,,,,,,,,,,,,,,,,,,,,,,,,,,,,,,,,,,,,,,,,,,,,,,,,,,,,,,,,,,,,,,,,,,,,,,,,,,,,,,1,,uuid:ef57cfdf-f1a4-4d72-a590-b808afd5fbfe,uuid:ef57cfdf-f1a4-4d72-a590-b808afd5fbfe
Modifie,3,4/8/2014 18:49,4/7/2014 18:43,4/8/2014 18:23,7-Apr-14,ac:22:0b:42:f3:5f,,1,,CAS,COM,MANG,SIDERADOUGOU,SIDERADOUGOU,4479,4135,4192,6151,4192,5997,4192,5925,4192,5777,4192,5670,,,,,,,,,,,,,,,,,,,,,,,,,,,,,,,,,,,,,,,,,,,,,,,,,,,,,,,,,,,,,,,,,,,,,,,,,,,,,,,,,,,,,,,,,,,,,,,,,,,,,,,,,1,,uuid:ef57cfdf-f1a4-4d72-a590-b808afd5fbfe,uuid:ef57cfdf-f1a4-4d72-a590-b808afd5fbfe
Modifie,1,4/14/2014 12:30,4/10/2014 5:51,4/14/2014 9:37,10-Apr-14,60:a4:4c:97:25:c1,,1,,CAS,LER,SIN,DAKORO,DAKORO,728,784,691,821,624,786,624,786,624,638,624,638,,,,,,,,,,,,,,,,,,,,,,,,,,,,,,,,,,,,,,,,,,,,,,,,,,,,,,,,,,,,,,,,,,,,,,,,,,,,,,,,,,,,,,,,,,,,,,,,,,,,,,,,,1,,uuid:4c2ee70b-95b8-48d8-bcb7-643e671ea18a,uuid:4c2ee70b-95b8-48d8-bcb7-643e671ea18a
Modifie,2,4/14/2014 12:30,4/10/2014 5:51,4/14/2014 9:37,10-Apr-14,60:a4:4c:97:25:c1,,1,,CAS,LER,SIN,DOUNA,DOUNA,489,316,464,405,419,420,419,420,419,394,419,394,,,,,,,,,,,,,,,,,,,,,,,,,,,,,,,,,,,,,,,,,,,,,,,,,,,,,,,,,,,,,,,,,,,,,,,,,,,,,,,,,,,,,,,,,,,,,,,,,,,,,,,,,1,,uuid:4c2ee70b-95b8-48d8-bcb7-643e671ea18a,uuid:4c2ee70b-95b8-48d8-bcb7-643e671ea18a
Modifie,3,4/14/2014 12:30,4/10/2014 5:51,4/14/2014 9:37,10-Apr-14,60:a4:4c:97:25:c1,,1,,CAS,LER,SIN,KANKALABA,KANKALABA,531,347,503,472,455,482,455,482,455,405,455,405,,,,,,,,,,,,,,,,,,,,,,,,,,,,,,,,,,,,,,,,,,,,,,,,,,,,,,,,,,,,,,,,,,,,,,,,,,,,,,,,,,,,,,,,,,,,,,,,,,,,,,,,,1,,uuid:4c2ee70b-95b8-48d8-bcb7-643e671ea18a,uuid:4c2ee70b-95b8-48d8-bcb7-643e671ea18a
Modifie,4,4/14/2014 12:30,4/10/2014 5:51,4/14/2014 9:37,10-Apr-14,60:a4:4c:97:25:c1,,1,,CAS,LER,SIN,LOUMANA,LOUMANA,1350,1419,1281,1466,1157,1336,1157,1336,1157,1256,1157,1256,,,,,,,,,,,,,,,,,,,,,,,,,,,,,,,,,,,,,,,,,,,,,,,,,,,,,,,,,,,,,,,,,,,,,,,,,,,,,,,,,,,,,,,,,,,,,,,,,,,,,,,,,1,,uuid:4c2ee70b-95b8-48d8-bcb7-643e671ea18a,uuid:4c2ee70b-95b8-48d8-bcb7-643e671ea18a
Modifie,5,4/14/2014 12:30,4/10/2014 5:51,4/14/2014 9:37,10-Apr-14,60:a4:4c:97:25:c1,,1,,CAS,LER,SIN,NIANKORODOUGOU,NIANKORODOUGOU,2001,2181,1899,2343,1715,2208,1715,2208,1715,2253,1715,2253,,,,,,,,,,,,,,,,,,,,,,,,,,,,,,,,,,,,,,,,,,,,,,,,,,,,,,,,,,,,,,,,,,,,,,,,,,,,,,,,,,,,,,,,,,,,,,,,,,,,,,,,,1,,uuid:4c2ee70b-95b8-48d8-bcb7-643e671ea18a,uuid:4c2ee70b-95b8-48d8-bcb7-643e671ea18a
Modifie,6,4/14/2014 12:30,4/10/2014 5:51,4/14/2014 9:37,10-Apr-14,60:a4:4c:97:25:c1,,1,,CAS,LER,SIN,OUELENI,OUELENI,643,681,610,617,551,633,551,633,551,579,551,579,,,,,,,,,,,,,,,,,,,,,,,,,,,,,,,,,,,,,,,,,,,,,,,,,,,,,,,,,,,,,,,,,,,,,,,,,,,,,,,,,,,,,,,,,,,,,,,,,,,,,,,,,1,,uuid:4c2ee70b-95b8-48d8-bcb7-643e671ea18a,uuid:4c2ee70b-95b8-48d8-bcb7-643e671ea18a
Modifie,7,4/14/2014 12:30,4/10/2014 5:51,4/14/2014 9:37,10-Apr-14,60:a4:4c:97:25:c1,,1,,CAS,LER,SIN,SINDOU,SINDOU,999,480,947,943,855,871,855,871,855,807,855,807,,,,,,,,,,,,,,,,,,,,,,,,,,,,,,,,,,,,,,,,,,,,,,,,,,,,,,,,,,,,,,,,,,,,,,,,,,,,,,,,,,,,,,,,,,,,,,,,,,,,,,,,,1,,uuid:4c2ee70b-95b8-48d8-bcb7-643e671ea18a,uuid:4c2ee70b-95b8-48d8-bcb7-643e671ea18a
Modifie,8,4/14/2014 12:30,4/10/2014 5:51,4/14/2014 9:37,10-Apr-14,60:a4:4c:97:25:c1,,1,,CAS,LER,SIN,WOLONKOTO,WOLONKOTO,216,215,205,162,185,176,185,176,185,177,185,177,,,,,,,,,,,,,,,,,,,,,,,,,,,,,,,,,,,,,,,,,,,,,,,,,,,,,,,,,,,,,,,,,,,,,,,,,,,,,,,,,,,,,,,,,,,,,,,,,,,,,,,,,1,,uuid:4c2ee70b-95b8-48d8-bcb7-643e671ea18a,uuid:4c2ee70b-95b8-48d8-bcb7-643e671ea18a
Modifie,2,4/10/2014 10:28,4/8/2014 15:16,4/8/2014 20:32,8-Apr-14,60:a4:4c:96:f0:83,,1,,CE_E,BOU,BIT,BANE,BANE,1331,1043,1286,1211,1315,1103,1315,1103,1315,1500,1315,1500,,,,,,,,,,,,,,,,,,,,,,,,,,,,,,,,,,,,,,,,,,,,,,,,,,,,,,,,,,,,,,,,,,,,,,,,,,,,,,,,,,,,,,,,,,,,,,,,,,,,,,,,,1,,uuid:91320ec8-7255-4471-8e20-b1a065a35802,uuid:91320ec8-7255-4471-8e20-b1a065a35802
Modifie,1,4/10/2014 10:28,4/8/2014 15:16,4/8/2014 20:32,8-Apr-14,60:a4:4c:96:f0:83,,1,,CE_E,BOU,BIT,BITTOU,BITTOU,4144,3337,4001,4470,4093,4057,4093,4057,4093,4395,4093,4395,,,,,,,,,,,,,,,,,,,,,,,,,,,,,,,,,,,,,,,,,,,,,,,,,,,,,,,,,,,,,,,,,,,,,,,,,,,,,,,,,,,,,,,,,,,,,,,,,,,,,,,,,1,,uuid:91320ec8-7255-4471-8e20-b1a065a35802,uuid:91320ec8-7255-4471-8e20-b1a065a35802
Modifie,1,4/9/2014 14:20,4/8/2014 8:22,4/8/2014 11:31,8-Apr-14,9bc00d6e0a733cf1,,1,,CE_E,BOU,GAR,BEGUEDO,BEGUEDO,924,779,891,884,888,843,888,841,888,868,888,868,,,,,,,,,,,,,,,,,,,,,,,,,,,,,,,,,,,,,,,,,,,,,,,,,,,,,,,,,,,,,,,,,,,,,,,,,,,,,,,,,,,,,,,,,,,,,,,,,,,,,,,,,1,,uuid:1995fb5f-a767-476f-bd69-e6eaddfae227,uuid:1995fb5f-a767-476f-bd69-e6eaddfae227
Modifie,3,4/9/2014 14:20,4/8/2014 8:22,4/8/2014 11:31,8-Apr-14,9bc00d6e0a733cf1,,1,,CE_E,BOU,GAR,BOUSSOUMA (GARANGO),BOUSSOUMA_GARANGO,1692,1104,1632,1285,1481,1273,1481,1273,1481,1262,1486,1262,,,,,,,,,,,,,,,,,,,,,,,,,,,,,,,,,,,,,,,,,,,,,,,,,,,,,,,,,,,,,,,,,,,,,,,,,,,,,,,,,,,,,,,,,,,,,,,,,,,,,,,,,1,,uuid:1995fb5f-a767-476f-bd69-e6eaddfae227,uuid:1995fb5f-a767-476f-bd69-e6eaddfae227
Modifie,5,4/9/2014 14:20,4/8/2014 8:22,4/8/2014 11:31,8-Apr-14,9bc00d6e0a733cf1,,1,,CE_E,BOU,GAR,GARANGO,GARANGO,4762,3030,4593,3778,4171,3273,4171,3273,4171,3496,4171,3496,,,,,,,,,,,,,,,,,,,,,,,,,,,,,,,,,,,,,,,,,,,,,,,,,,,,,,,,,,,,,,,,,,,,,,,,,,,,,,,,,,,,,,,,,,,,,,,,,,,,,,,,,1,,uuid:1995fb5f-a767-476f-bd69-e6eaddfae227,uuid:1995fb5f-a767-476f-bd69-e6eaddfae227
Modifie,4,4/9/2014 14:20,4/8/2014 8:22,4/8/2014 11:31,8-Apr-14,9bc00d6e0a733cf1,,1,,CE_E,BOU,GAR,KOMTOEGA,KOMTOEGA,1168,789,1162,888,1021,843,1021,843,1021,849,1021,849,,,,,,,,,,,,,,,,,,,,,,,,,,,,,,,,,,,,,,,,,,,,,,,,,,,,,,,,,,,,,,,,,,,,,,,,,,,,,,,,,,,,,,,,,,,,,,,,,,,,,,,,,1,,uuid:1995fb5f-a767-476f-bd69-e6eaddfae227,uuid:1995fb5f-a767-476f-bd69-e6eaddfae227
Modifie,2,4/9/2014 14:20,4/8/2014 8:22,4/8/2014 11:31,8-Apr-14,9bc00d6e0a733cf1,,1,,CE_E,BOU,GAR,NIAOGO,NIAOGO,1081,696,1043,953,946,862,946,862,946,864,946,864,,,,,,,,,,,,,,,,,,,,,,,,,,,,,,,,,,,,,,,,,,,,,,,,,,,,,,,,,,,,,,,,,,,,,,,,,,,,,,,,,,,,,,,,,,,,,,,,,,,,,,,,,1,,uuid:1995fb5f-a767-476f-bd69-e6eaddfae227,uuid:1995fb5f-a767-476f-bd69-e6eaddfae227
Modifie,3,4/9/2014 18:19,4/8/2014 10:38,4/8/2014 17:31,8-Apr-14,d8:50:e6:7f:a2:44,,1,,CE_E,BOU,TEN,BAGRE (TENKODOGO),BAGRE_TENKODOGO,1263,1285,1174,1427,1174,1585,1174,1585,1174,1538,1174,1538,,,,,,,,,,,,,,,,,,,,,,,,,,,,,,,,,,,,,,,,,,,,,,,,,,,,,,,,,,,,,,,,,,,,,,,,,,,,,,,,,,,,,,,,,,,,,,,,,,,,,,,,,1,,uuid:f21dad05-2e3a-42fc-bb12-6f8a0d9a234d,uuid:f21dad05-2e3a-42fc-bb12-6f8a0d9a234d
Modifie,1,4/9/2014 18:19,4/8/2014 10:38,4/8/2014 17:31,8-Apr-14,d8:50:e6:7f:a2:44,,1,,CE_E,BOU,TEN,BISSIGA,BISSIGA,810,567,753,686,753,611,753,611,753,636,753,636,,,,,,,,,,,,,,,,,,,,,,,,,,,,,,,,,,,,,,,,,,,,,,,,,,,,,,,,,,,,,,,,,,,,,,,,,,,,,,,,,,,,,,,,,,,,,,,,,,,,,,,,,1,,uuid:f21dad05-2e3a-42fc-bb12-6f8a0d9a234d,uuid:f21dad05-2e3a-42fc-bb12-6f8a0d9a234d
Modifie,2,4/9/2014 18:19,4/8/2014 10:38,4/8/2014 17:31,8-Apr-14,d8:50:e6:7f:a2:44,,1,,CE_E,BOU,TEN,TENKODOGO,TENKODOGO,8052,5043,7492,7181,7492,7160,7492,7160,7492,7236,7492,7236,,,,,,,,,,,,,,,,,,,,,,,,,,,,,,,,,,,,,,,,,,,,,,,,,,,,,,,,,,,,,,,,,,,,,,,,,,,,,,,,,,,,,,,,,,,,,,,,,,,,,,,,,1,,uuid:f21dad05-2e3a-42fc-bb12-6f8a0d9a234d,uuid:f21dad05-2e3a-42fc-bb12-6f8a0d9a234d
Modifie,1,4/15/2014 15:02,4/14/2014 18:14,4/15/2014 10:39,14-Apr-14,d8:50:e6:7f:a2:44,,1,,CE_E,BOU,ZAB,ZABRE,ZABRE,5620,4542,4528,5093,4097,4842,4097,4842,4097,4784,4097,4784,,,,,,,,,,,,,,,,,,,,,,,,,,,,,,,,,,,,,,,,,,,,,,,,,,,,,,,,,,,,,,,,,,,,,,,,,,,,,,,,,,,,,,,,,,,,,,,,,,,,,,,,,1,,uuid:f39eebb0-7985-458c-b2fd-92f21e119bb3,uuid:f39eebb0-7985-458c-b2fd-92f21e119bb3
Modifie,3,4/15/2014 15:02,4/14/2014 18:14,4/15/2014 10:39,14-Apr-14,d8:50:e6:7f:a2:44,,1,,CE_E,BOU,ZAB,ZOAGA,ZOAGA,962,565,741,717,670,705,670,705,670,628,670,628,,,,,,,,,,,,,,,,,,,,,,,,,,,,,,,,,,,,,,,,,,,,,,,,,,,,,,,,,,,,,,,,,,,,,,,,,,,,,,,,,,,,,,,,,,,,,,,,,,,,,,,,,1,,uuid:f39eebb0-7985-458c-b2fd-92f21e119bb3,uuid:f39eebb0-7985-458c-b2fd-92f21e119bb3
Modifie,2,4/15/2014 15:02,4/14/2014 18:14,4/15/2014 10:39,14-Apr-14,d8:50:e6:7f:a2:44,,1,,CE_E,BOU,ZAB,ZONSE,ZONSE,1452,1177,879,1212,795,1028,795,1028,795,1070,795,1070,,,,,,,,,,,,,,,,,,,,,,,,,,,,,,,,,,,,,,,,,,,,,,,,,,,,,,,,,,,,,,,,,,,,,,,,,,,,,,,,,,,,,,,,,,,,,,,,,,,,,,,,,1,,uuid:f39eebb0-7985-458c-b2fd-92f21e119bb3,uuid:f39eebb0-7985-458c-b2fd-92f21e119bb3
Modifie,2,4/15/2014 9:36,4/14/2014 10:51,4/14/2014 18:04,14-Apr-14,60:a4:4c:96:f0:83,,1,,CE_E,KOUL,OUA,COMIN-YANGA,COMIN-YANGA,1995,0,1858,2074,1858,1983,1757,1983,1858,1998,1858,1998,,,,,,,,,,,,,,,,,,,,,,,,,,,,,,,,,,,,,,,,,,,,,,,,,,,,,,,,,,,,,,,,,,,,,,,,,,,,,,,,,,,,,,,,,,,,,,,,,,,,,,,,,1,,uuid:6bf21e4e-8fd1-476b-959d-5e471d43e0b2,uuid:6bf21e4e-8fd1-476b-959d-5e471d43e0b2
Modifie,3,4/15/2014 9:36,4/14/2014 10:51,4/14/2014 18:04,14-Apr-14,60:a4:4c:96:f0:83,,1,,CE_E,KOUL,OUA,DOURTENGA,DOURTENGA,605,0,563,602,533,536,533,536,533,586,533,586,,,,,,,,,,,,,,,,,,,,,,,,,,,,,,,,,,,,,,,,,,,,,,,,,,,,,,,,,,,,,,,,,,,,,,,,,,,,,,,,,,,,,,,,,,,,,,,,,,,,,,,,,1,,uuid:6bf21e4e-8fd1-476b-959d-5e471d43e0b2,uuid:6bf21e4e-8fd1-476b-959d-5e471d43e0b2
Modifie,4,4/15/2014 9:36,4/14/2014 10:51,4/14/2014 18:04,14-Apr-14,60:a4:4c:96:f0:83,,1,,CE_E,KOUL,OUA,LALGAYE,LALGAYE,978,0,911,784,862,770,862,770,862,759,862,759,,,,,,,,,,,,,,,,,,,,,,,,,,,,,,,,,,,,,,,,,,,,,,,,,,,,,,,,,,,,,,,,,,,,,,,,,,,,,,,,,,,,,,,,,,,,,,,,,,,,,,,,,1,,uuid:6bf21e4e-8fd1-476b-959d-5e471d43e0b2,uuid:6bf21e4e-8fd1-476b-959d-5e471d43e0b2
Modifie,1,4/15/2014 9:36,4/14/2014 10:51,4/14/2014 18:04,14-Apr-14,60:a4:4c:96:f0:83,,1,,CE_E,KOUL,OUA,OUARGAYE,OUARGAYE,15336,10911,14792,14527,13991,13892,13891,13892,13991,13482,13991,13482,,,,,,,,,,,,,,,,,,,,,,,,,,,,,,,,,,,,,,,,,,,,,,,,,,,,,,,,,,,,,,,,,,,,,,,,,,,,,,,,,,,,,,,,,,,,,,,,,,,,,,,,,1,,uuid:6bf21e4e-8fd1-476b-959d-5e471d43e0b2,uuid:6bf21e4e-8fd1-476b-959d-5e471d43e0b2
Modifie,5,4/15/2014 9:36,4/14/2014 10:51,4/14/2014 18:04,14-Apr-14,60:a4:4c:96:f0:83,,1,,CE_E,KOUL,OUA,SANGA,SANGA,3099,0,2886,2485,2730,2502,2730,2502,2730,2385,2730,2385,,,,,,,,,,,,,,,,,,,,,,,,,,,,,,,,,,,,,,,,,,,,,,,,,,,,,,,,,,,,,,,,,,,,,,,,,,,,,,,,,,,,,,,,,,,,,,,,,,,,,,,,,1,,uuid:6bf21e4e-8fd1-476b-959d-5e471d43e0b2,uuid:6bf21e4e-8fd1-476b-959d-5e471d43e0b2
Modifie,6,4/15/2014 9:36,4/14/2014 10:51,4/14/2014 18:04,14-Apr-14,60:a4:4c:96:f0:83,,1,,CE_E,KOUL,OUA,SOUDOUGUI,SOUDOUGUI,3277,0,3054,2951,2888,2850,2888,2850,2888,2764,2888,2764,,,,,,,,,,,,,,,,,,,,,,,,,,,,,,,,,,,,,,,,,,,,,,,,,,,,,,,,,,,,,,,,,,,,,,,,,,,,,,,,,,,,,,,,,,,,,,,,,,,,,,,,,1,,uuid:6bf21e4e-8fd1-476b-959d-5e471d43e0b2,uuid:6bf21e4e-8fd1-476b-959d-5e471d43e0b2
Modifie,7,4/15/2014 9:36,4/14/2014 10:51,4/14/2014 18:04,14-Apr-14,60:a4:4c:96:f0:83,,1,,CE_E,KOUL,OUA,YARGATENGA,YARGATENGA,2222,0,2070,2536,1957,2260,1957,2260,1957,2216,1957,2216,,,,,,,,,,,,,,,,,,,,,,,,,,,,,,,,,,,,,,,,,,,,,,,,,,,,,,,,,,,,,,,,,,,,,,,,,,,,,,,,,,,,,,,,,,,,,,,,,,,,,,,,,1,,uuid:6bf21e4e-8fd1-476b-959d-5e471d43e0b2,uuid:6bf21e4e-8fd1-476b-959d-5e471d43e0b2
Modifie,8,4/15/2014 9:36,4/14/2014 10:51,4/14/2014 18:04,14-Apr-14,60:a4:4c:96:f0:83,,1,,CE_E,KOUL,OUA,YONDE,YONDE,1615,0,1947,1529,1841,1470,1841,1470,1841,1361,1841,1361,,,,,,,,,,,,,,,,,,,,,,,,,,,,,,,,,,,,,,,,,,,,,,,,,,,,,,,,,,,,,,,,,,,,,,,,,,,,,,,,,,,,,,,,,,,,,,,,,,,,,,,,,1,,uuid:6bf21e4e-8fd1-476b-959d-5e471d43e0b2,uuid:6bf21e4e-8fd1-476b-959d-5e471d43e0b2
Modifie,1,4/10/2014 19:38,4/9/2014 17:55,4/9/2014 18:14,9-Apr-14,10:bf:48:eb:8e:29,,1,,CE_E,KOUR,KOU,BASKOURE,BASKOURE,741,476,716,536,655,537,655,537,655,508,655,508,,,,,,,,,,,,,,,,,,,,,,,,,,,,,,,,,,,,,,,,,,,,,,,,,,,,,,,,,,,,,,,,,,,,,,,,,,,,,,,,,,,,,,,,,,,,,,,,,,,,,,,,,1,,uuid:a486bd14-f004-4ba6-b719-57e284836820,uuid:a486bd14-f004-4ba6-b719-57e284836820
Modifie,2,4/10/2014 19:38,4/9/2014 17:55,4/9/2014 18:14,9-Apr-14,10:bf:48:eb:8e:29,,1,,CE_E,KOUR,KOU,DIALGAYE,DIALGAYE,2146,1460,2072,1774,1894,1791,1894,1791,1894,1676,1894,1676,,,,,,,,,,,,,,,,,,,,,,,,,,,,,,,,,,,,,,,,,,,,,,,,,,,,,,,,,,,,,,,,,,,,,,,,,,,,,,,,,,,,,,,,,,,,,,,,,,,,,,,,,1,,uuid:a486bd14-f004-4ba6-b719-57e284836820,uuid:a486bd14-f004-4ba6-b719-57e284836820
Modifie,3,4/10/2014 19:38,4/9/2014 17:55,4/9/2014 18:14,9-Apr-14,10:bf:48:eb:8e:29,,1,,CE_E,KOUR,KOU,GOUNGHIN,GOUNGHIN,2503,1788,4368,3425,3994,3428,3994,3430,3994,3260,3994,3260,,,,,,,,,,,,,,,,,,,,,,,,,,,,,,,,,,,,,,,,,,,,,,,,,,,,,,,,,,,,,,,,,,,,,,,,,,,,,,,,,,,,,,,,,,,,,,,,,,,,,,,,,1,,uuid:a486bd14-f004-4ba6-b719-57e284836820,uuid:a486bd14-f004-4ba6-b719-57e284836820
Modifie,4,4/10/2014 19:38,4/9/2014 17:55,4/9/2014 18:14,9-Apr-14,10:bf:48:eb:8e:29,,1,,CE_E,KOUR,KOU,KOUPELA,KOUPELA,2979,3640,2877,3264,2630,2825,2630,2835,2630,2666,2630,2671,,,,,,,,,,,,,,,,,,,,,,,,,,,,,,,,,,,,,,,,,,,,,,,,,,,,,,,,,,,,,,,,,,,,,,,,,,,,,,,,,,,,,,,,,,,,,,,,,,,,,,,,,1,,uuid:a486bd14-f004-4ba6-b719-57e284836820,uuid:a486bd14-f004-4ba6-b719-57e284836820
Modifie,5,4/10/2014 19:38,4/9/2014 17:55,4/9/2014 18:14,9-Apr-14,10:bf:48:eb:8e:29,,1,,CE_E,KOUR,KOU,TENSOBENTENGA,TENSOBENTENGA,1290,732,1245,1117,1139,1145,1139,1097,1139,1074,1139,1074,,,,,,,,,,,,,,,,,,,,,,,,,,,,,,,,,,,,,,,,,,,,,,,,,,,,,,,,,,,,,,,,,,,,,,,,,,,,,,,,,,,,,,,,,,,,,,,,,,,,,,,,,1,,uuid:a486bd14-f004-4ba6-b719-57e284836820,uuid:a486bd14-f004-4ba6-b719-57e284836820
Modifie,6,4/10/2014 19:38,4/9/2014 17:55,4/9/2014 18:14,9-Apr-14,10:bf:48:eb:8e:29,,1,,CE_E,KOUR,KOU,YARGO,YARGO,547,372,529,420,483,421,483,421,483,413,483,413,,,,,,,,,,,,,,,,,,,,,,,,,,,,,,,,,,,,,,,,,,,,,,,,,,,,,,,,,,,,,,,,,,,,,,,,,,,,,,,,,,,,,,,,,,,,,,,,,,,,,,,,,1,,uuid:a486bd14-f004-4ba6-b719-57e284836820,uuid:a486bd14-f004-4ba6-b719-57e284836820
Modifie,1,4/9/2014 19:45,4/8/2014 9:42,4/8/2014 9:52,8-Apr-14,60:a4:4c:97:1f:cd,,1,,CE_E,KOUR,POU,ANDEMTENGA,ANDEMTENGA,3106,2622,2935,3065,2935,3031,2935,3031,2935,3029,2935,3029,,,,,,,,,,,,,,,,,,,,,,,,,,,,,,,,,,,,,,,,,,,,,,,,,,,,,,,,,,,,,,,,,,,,,,,,,,,,,,,,,,,,,,,,,,,,,,,,,,,,,,,,,1,,uuid:7cd84749-5fd4-43db-8673-97fe383c1a2c,uuid:7cd84749-5fd4-43db-8673-97fe383c1a2c
Modifie,2,4/9/2014 19:45,4/8/2014 9:42,4/8/2014 9:52,8-Apr-14,60:a4:4c:97:1f:cd,,1,,CE_E,KOUR,POU,KANDO,KANDO,1379,997,1303,1160,1303,1123,1303,1123,1303,1182,1303,1182,,,,,,,,,,,,,,,,,,,,,,,,,,,,,,,,,,,,,,,,,,,,,,,,,,,,,,,,,,,,,,,,,,,,,,,,,,,,,,,,,,,,,,,,,,,,,,,,,,,,,,,,,1,,uuid:7cd84749-5fd4-43db-8673-97fe383c1a2c,uuid:7cd84749-5fd4-43db-8673-97fe383c1a2c
Modifie,3,4/9/2014 19:45,4/8/2014 9:42,4/8/2014 9:52,8-Apr-14,60:a4:4c:97:1f:cd,,1,,CE_E,KOUR,POU,POUYTENGA,POUYTENGA,4592,3665,4339,4339,4339,3774,4339,3774,4339,3801,4339,3801,,,,,,,,,,,,,,,,,,,,,,,,,,,,,,,,,,,,,,,,,,,,,,,,,,,,,,,,,,,,,,,,,,,,,,,,,,,,,,,,,,,,,,,,,,,,,,,,,,,,,,,,,1,,uuid:7cd84749-5fd4-43db-8673-97fe383c1a2c,uuid:7cd84749-5fd4-43db-8673-97fe383c1a2c
Modifie,1,4/22/2014 9:43,4/22/2014 9:01,4/22/2014 9:42,22-Apr-14,30:85:a9:4c:24:19,,1,,CE_N,BAM,KON,BOURZANGA,BOURZANGA,2766,2215,2447,114,2447,105,2447,105,2447,105,2447,105,,,,,,,,,,,,,,,,,,,,,,,,,,,,,,,,,,,,,,,,,,,,,,,,,,,,,,,,,,,,,,,,,,,,,,,,,,,,,,,,,,,,,,,,,,,,,,,,,,,,,,,,,1,,uuid:81072d31-3d6d-446e-8b51-0059b753c39c,uuid:81072d31-3d6d-446e-8b51-0059b753c39c
Modifie,2,4/22/2014 9:43,4/22/2014 9:01,4/22/2014 9:42,22-Apr-14,30:85:a9:4c:24:19,,1,,CE_N,BAM,KON,GUIBARE,GUIBARE,1483,1511,1433,124,1312,117,1312,117,1312,115,1312,115,,,,,,,,,,,,,,,,,,,,,,,,,,,,,,,,,,,,,,,,,,,,,,,,,,,,,,,,,,,,,,,,,,,,,,,,,,,,,,,,,,,,,,,,,,,,,,,,,,,,,,,,,1,,uuid:81072d31-3d6d-446e-8b51-0059b753c39c,uuid:81072d31-3d6d-446e-8b51-0059b753c39c
Modifie,3,4/22/2014 9:43,4/22/2014 9:01,4/22/2014 9:42,22-Apr-14,30:85:a9:4c:24:19,,1,,CE_N,BAM,KON,KONGOUSSI,KONGOUSSI,2766,3776,4539,124,4153,85,4153,85,4153,79,4153,79,,,,,,,,,,,,,,,,,,,,,,,,,,,,,,,,,,,,,,,,,,,,,,,,,,,,,,,,,,,,,,,,,,,,,,,,,,,,,,,,,,,,,,,,,,,,,,,,,,,,,,,,,1,,uuid:81072d31-3d6d-446e-8b51-0059b753c39c,uuid:81072d31-3d6d-446e-8b51-0059b753c39c
Modifie,4,4/22/2014 9:43,4/22/2014 9:01,4/22/2014 9:42,22-Apr-14,30:85:a9:4c:24:19,,1,,CE_N,BAM,KON,NASSERE,NASSERE,632,497,691,91,632,83,632,83,632,76,632,79,,,,,,,,,,,,,,,,,,,,,,,,,,,,,,,,,,,,,,,,,,,,,,,,,,,,,,,,,,,,,,,,,,,,,,,,,,,,,,,,,,,,,,,,,,,,,,,,,,,,,,,,,1,,uuid:81072d31-3d6d-446e-8b51-0059b753c39c,uuid:81072d31-3d6d-446e-8b51-0059b753c39c
Modifie,5,4/22/2014 9:43,4/22/2014 9:01,4/22/2014 9:42,22-Apr-14,30:85:a9:4c:24:19,,1,,CE_N,BAM,KON,ROLLO,ROLLO,1313,1048,1270,212,1163,103,1163,103,1163,99,1163,99,,,,,,,,,,,,,,,,,,,,,,,,,,,,,,,,,,,,,,,,,,,,,,,,,,,,,,,,,,,,,,,,,,,,,,,,,,,,,,,,,,,,,,,,,,,,,,,,,,,,,,,,,1,,uuid:81072d31-3d6d-446e-8b51-0059b753c39c,uuid:81072d31-3d6d-446e-8b51-0059b753c39c
Modifie,6,4/22/2014 9:43,4/22/2014 9:01,4/22/2014 9:42,22-Apr-14,30:85:a9:4c:24:19,,1,,CE_N,BAM,KON,ROUKO,ROUKO,892,698,862,85,789,85,789,85,789,84,789,84,,,,,,,,,,,,,,,,,,,,,,,,,,,,,,,,,,,,,,,,,,,,,,,,,,,,,,,,,,,,,,,,,,,,,,,,,,,,,,,,,,,,,,,,,,,,,,,,,,,,,,,,,1,,uuid:81072d31-3d6d-446e-8b51-0059b753c39c,uuid:81072d31-3d6d-446e-8b51-0059b753c39c
Modifie,7,4/22/2014 9:43,4/22/2014 9:01,4/22/2014 9:42,22-Apr-14,30:85:a9:4c:24:19,,1,,CE_N,BAM,KON,SABCE,SABCE,1363,970,1319,84,1206,85,1206,85,1206,86,1206,86,,,,,,,,,,,,,,,,,,,,,,,,,,,,,,,,,,,,,,,,,,,,,,,,,,,,,,,,,,,,,,,,,,,,,,,,,,,,,,,,,,,,,,,,,,,,,,,,,,,,,,,,,1,,uuid:81072d31-3d6d-446e-8b51-0059b753c39c,uuid:81072d31-3d6d-446e-8b51-0059b753c39c
Modifie,8,4/22/2014 9:43,4/22/2014 9:01,4/22/2014 9:42,22-Apr-14,30:85:a9:4c:24:19,,1,,CE_N,BAM,KON,TIKARE,TIKARE,2146,1436,2075,87,1899,95,1899,95,1899,95,1899,95,,,,,,,,,,,,,,,,,,,,,,,,,,,,,,,,,,,,,,,,,,,,,,,,,,,,,,,,,,,,,,,,,,,,,,,,,,,,,,,,,,,,,,,,,,,,,,,,,,,,,,,,,1,,uuid:81072d31-3d6d-446e-8b51-0059b753c39c,uuid:81072d31-3d6d-446e-8b51-0059b753c39c
Modifie,9,4/22/2014 9:43,4/22/2014 9:01,4/22/2014 9:42,22-Apr-14,30:85:a9:4c:24:19,,1,,CE_N,BAM,KON,ZIMTENGA,ZIMTENGA,1466,1184,1417,106,1297,106,1297,106,1297,104,1297,104,,,,,,,,,,,,,,,,,,,,,,,,,,,,,,,,,,,,,,,,,,,,,,,,,,,,,,,,,,,,,,,,,,,,,,,,,,,,,,,,,,,,,,,,,,,,,,,,,,,,,,,,,1,,uuid:81072d31-3d6d-446e-8b51-0059b753c39c,uuid:81072d31-3d6d-446e-8b51-0059b753c39c
Modifie,1,4/15/2014 8:47,4/8/2014 17:21,4/8/2014 17:44,8-Apr-14,60:a4:4c:9e:12:bf,,1,,CE_N,SAN,BAR,BARSALOGHO,BARSALOGHO,4311,3482,4306,5342,4297,4443,4297,4443,4297,4102,4297,4102,,,,,,,,,,,,,,,,,,,,,,,,,,,,,,,,,,,,,,,,,,,,,,,,,,,,,,,,,,,,,,,,,,,,,,,,,,,,,,,,,,,,,,,,,,,,,,,,,,,,,,,,,1,,uuid:2034d475-b682-4d95-b68f-25ef156901f9,uuid:2034d475-b682-4d95-b68f-25ef156901f9
Modifie,2,4/15/2014 8:47,4/8/2014 17:21,4/8/2014 17:44,8-Apr-14,60:a4:4c:9e:12:bf,,1,,CE_N,SAN,BAR,DABLO,DABLO,1176,769,1175,1371,1172,1259,1172,1259,1172,1173,1172,1173,,,,,,,,,,,,,,,,,,,,,,,,,,,,,,,,,,,,,,,,,,,,,,,,,,,,,,,,,,,,,,,,,,,,,,,,,,,,,,,,,,,,,,,,,,,,,,,,,,,,,,,,,1,,uuid:2034d475-b682-4d95-b68f-25ef156901f9,uuid:2034d475-b682-4d95-b68f-25ef156901f9
Modifie,3,4/15/2014 8:47,4/8/2014 17:21,4/8/2014 17:44,8-Apr-14,60:a4:4c:9e:12:bf,,1,,CE_N,SAN,BAR,NAMISSIGUIMA,NAMISSIGUIMA,488,555,487,595,486,474,486,474,486,459,486,459,,,,,,,,,,,,,,,,,,,,,,,,,,,,,,,,,,,,,,,,,,,,,,,,,,,,,,,,,,,,,,,,,,,,,,,,,,,,,,,,,,,,,,,,,,,,,,,,,,,,,,,,,1,,uuid:2034d475-b682-4d95-b68f-25ef156901f9,uuid:2034d475-b682-4d95-b68f-25ef156901f9
Modifie,4,4/15/2014 8:47,4/8/2014 17:21,4/8/2014 17:44,8-Apr-14,60:a4:4c:9e:12:bf,,1,,CE_N,SAN,BAR,PENSA,PENSA,2563,2119,2560,3413,2553,2688,2553,2688,2553,2623,2553,2623,,,,,,,,,,,,,,,,,,,,,,,,,,,,,,,,,,,,,,,,,,,,,,,,,,,,,,,,,,,,,,,,,,,,,,,,,,,,,,,,,,,,,,,,,,,,,,,,,,,,,,,,,1,,uuid:2034d475-b682-4d95-b68f-25ef156901f9,uuid:2034d475-b682-4d95-b68f-25ef156901f9
Modifie,3,4/18/2014 7:34,4/8/2014 11:53,4/17/2014 19:20,8-Apr-14,ac:22:0b:3d:e1:76,,1,,CE_N,SAN,KAY,BOUSSOUMA (KAYA),BOUSSOUMA_KAYA,5241,3053,4905,4130,5379,4318,4318,5379,4318,3836,4318,3836,,,,,,,,,,,,,,,,,,,,,,,,,,,,,,,,,,,,,,,,,,,,,,,,,,,,,,,,,,,,,,,,,,,,,,,,,,,,,,,,,,,,,,,,,,,,,,,,,,,,,,,,,1,,uuid:dd6ab3da-9f78-47cd-8c56-e7e29ae7dda5,uuid:dd6ab3da-9f78-47cd-8c56-e7e29ae7dda5
Modifie,1,4/18/2014 7:34,4/8/2014 11:53,4/17/2014 19:20,8-Apr-14,ac:22:0b:3d:e1:76,,1,,CE_N,SAN,KAY,KAYA,KAYA,6622,4018,6212,6031,5439,5056,5439,5060,5439,5265,5439,5265,,,,,,,,,,,,,,,,,,,,,,,,,,,,,,,,,,,,,,,,,,,,,,,,,,,,,,,,,,,,,,,,,,,,,,,,,,,,,,,,,,,,,,,,,,,,,,,,,,,,,,,,,1,,uuid:dd6ab3da-9f78-47cd-8c56-e7e29ae7dda5,uuid:dd6ab3da-9f78-47cd-8c56-e7e29ae7dda5
Modifie,2,4/18/2014 7:34,4/8/2014 11:53,4/17/2014 19:20,8-Apr-14,ac:22:0b:3d:e1:76,,1,,CE_N,SAN,KAY,KORSIMORO,KORSIMORO,5241,3053,2924,2774,2574,2705,2574,2702,2574,2565,2574,2565,,,,,,,,,,,,,,,,,,,,,,,,,,,,,,,,,,,,,,,,,,,,,,,,,,,,,,,,,,,,,,,,,,,,,,,,,,,,,,,,,,,,,,,,,,,,,,,,,,,,,,,,,1,,uuid:dd6ab3da-9f78-47cd-8c56-e7e29ae7dda5,uuid:dd6ab3da-9f78-47cd-8c56-e7e29ae7dda5
Modifie,1,4/18/2014 7:36,4/17/2014 19:20,4/17/2014 19:33,17-Apr-14,ac:22:0b:3d:e1:76,,1,,CE_N,SAN,KAY,MANE,MANE,3261,1901,3052,2845,2687,2507,2687,2519,2687,2359,2687,2359,,,,,,,,,,,,,,,,,,,,,,,,,,,,,,,,,,,,,,,,,,,,,,,,,,,,,,,,,,,,,,,,,,,,,,,,,,,,,,,,,,,,,,,,,,,,,,,,,,,,,,,,,1,,uuid:e13da42a-8a35-4709-b614-c5e844129e6f,uuid:e13da42a-8a35-4709-b614-c5e844129e6f
Modifie,2,4/18/2014 7:36,4/17/2014 19:20,4/17/2014 19:33,17-Apr-14,ac:22:0b:3d:e1:76,,1,,CE_N,SAN,KAY,PIBAORE,PIBAORE,2222,1409,2080,2011,1831,1841,1831,1841,1831,1769,1831,1769,,,,,,,,,,,,,,,,,,,,,,,,,,,,,,,,,,,,,,,,,,,,,,,,,,,,,,,,,,,,,,,,,,,,,,,,,,,,,,,,,,,,,,,,,,,,,,,,,,,,,,,,,1,,uuid:e13da42a-8a35-4709-b614-c5e844129e6f,uuid:e13da42a-8a35-4709-b614-c5e844129e6f
Modifie,3,4/18/2014 7:36,4/17/2014 19:20,4/17/2014 19:33,17-Apr-14,ac:22:0b:3d:e1:76,,1,,CE_N,SAN,KAY,PISSILA,PISSILA,6556,3686,6136,6072,5420,5034,5420,5112,5420,5156,5420,5156,,,,,,,,,,,,,,,,,,,,,,,,,,,,,,,,,,,,,,,,,,,,,,,,,,,,,,,,,,,,,,,,,,,,,,,,,,,,,,,,,,,,,,,,,,,,,,,,,,,,,,,,,1,,uuid:e13da42a-8a35-4709-b614-c5e844129e6f,uuid:e13da42a-8a35-4709-b614-c5e844129e6f
Modifie,4,4/18/2014 7:34,4/8/2014 11:53,4/17/2014 19:20,8-Apr-14,ac:22:0b:3d:e1:76,,1,,CE_N,SAN,KAY,ZIGA,ZIGA,2188,1463,2054,1931,1808,1836,1808,1836,1808,1757,1808,1757,,,,,,,,,,,,,,,,,,,,,,,,,,,,,,,,,,,,,,,,,,,,,,,,,,,,,,,,,,,,,,,,,,,,,,,,,,,,,,,,,,,,,,,,,,,,,,,,,,,,,,,,,1,,uuid:dd6ab3da-9f78-47cd-8c56-e7e29ae7dda5,uuid:dd6ab3da-9f78-47cd-8c56-e7e29ae7dda5
Données District Boulsa,,,,,,,,,,CE_N,NAM,BOUL,Boala,BOALA,1823,763,2088,1347,1284,1009,1284,1009,1284,1183,1284,1183,,,,,,,,,,,,,,,,,,,,,,,,,,,,,,,,,,,,,,,,,,,,,,,,,,,,,,,,,,,,,,,,,,,,,,,,,,,,,,,,,,,,,,,,,,,,,,,,,,,,,,,,,,,,
Données District Boulsa,,,,,,,,,,CE_N,NAM,BOUL,Boulsa,BOULSA,5042,3449,4848,4435,4452,4107,4452,4107,4452,4127,4452,4127,,,,,,,,,,,,,,,,,,,,,,,,,,,,,,,,,,,,,,,,,,,,,,,,,,,,,,,,,,,,,,,,,,,,,,,,,,,,,,,,,,,,,,,,,,,,,,,,,,,,,,,,,,,,
Données District Boulsa,,,,,,,,,,CE_N,NAM,BOUL,Bouroum,BOUROUM,2797,2367,2712,3382,2472,2645,2472,2645,2472,2740,2472,3375,,,,,,,,,,,,,,,,,,,,,,,,,,,,,,,,,,,,,,,,,,,,,,,,,,,,,,,,,,,,,,,,,,,,,,,,,,,,,,,,,,,,,,,,,,,,,,,,,,,,,,,,,,,,
Données District Boulsa,,,,,,,,,,CE_N,NAM,BOUL,Dargo,DARGO,1965,1640,1896,2099,1740,2345,1740,2345,1740,2210,1740,2210,,,,,,,,,,,,,,,,,,,,,,,,,,,,,,,,,,,,,,,,,,,,,,,,,,,,,,,,,,,,,,,,,,,,,,,,,,,,,,,,,,,,,,,,,,,,,,,,,,,,,,,,,,,,
Données District Boulsa,,,,,,,,,,CE_N,NAM,BOUL,Nagbingou,NAGBINGOU,766,526,744,828,672,677,672,677,672,567,672,567,,,,,,,,,,,,,,,,,,,,,,,,,,,,,,,,,,,,,,,,,,,,,,,,,,,,,,,,,,,,,,,,,,,,,,,,,,,,,,,,,,,,,,,,,,,,,,,,,,,,,,,,,,,,
Données District Boulsa,,,,,,,,,,CE_N,NAM,BOUL,Tougouri,TOUGOURI,4505,3710,4356,4806,3684,4425,3684,4425,3684,4027,3684,3774,,,,,,,,,,,,,,,,,,,,,,,,,,,,,,,,,,,,,,,,,,,,,,,,,,,,,,,,,,,,,,,,,,,,,,,,,,,,,,,,,,,,,,,,,,,,,,,,,,,,,,,,,,,,
Données District Boulsa,,,,,,,,,,CE_N,NAM,BOUL,Yalgo,YALGO,1694,1617,1632,2224,1488,1871,1488,1871,1488,1686,1488,1686,,,,,,,,,,,,,,,,,,,,,,,,,,,,,,,,,,,,,,,,,,,,,,,,,,,,,,,,,,,,,,,,,,,,,,,,,,,,,,,,,,,,,,,,,,,,,,,,,,,,,,,,,,,,
Données District Boulsa,,,,,,,,,,CE_N,NAM,BOUL,Zeguedeguin,ZEGUEDEGUIN,1526,900,1164,1105,1344,1262,1344,1262,1344,1103,1344,1105,,,,,,,,,,,,,,,,,,,,,,,,,,,,,,,,,,,,,,,,,,,,,,,,,,,,,,,,,,,,,,,,,,,,,,,,,,,,,,,,,,,,,,,,,,,,,,,,,,,,,,,,,,,,
Modifie,1,4/21/2014 17:45,4/14/2014 17:28,4/14/2014 17:45,14-Apr-14,d8:50:e6:7f:9f:2c,,1,,CE_S,BAZ,KOM,DOULOUGOU,DOULOUGOU,1376,738,1231,881,1314,1264,1314,1264,1314,1231,1314,1231,,,,,,,,,,,,,,,,,,,,,,,,,,,,,,,,,,,,,,,,,,,,,,,,,,,,,,,,,,,,,,,,,,,,,,,,,,,,,,,,,,,,,,,,,,,,,,,,,,,,,,,,,1,,uuid:039589ba-7107-4081-9581-0d2addce5c31,uuid:039589ba-7107-4081-9581-0d2addce5c31
Modifie,2,4/9/2014 17:09,4/9/2014 15:43,4/9/2014 16:51,9-Apr-14,60:a4:4c:9e:0b:c9,,1,,CE_S,BAZ,KOM,GAONGO,GAONGO,1341,1180,1303,1367,1280,1576,1280,1576,1280,1271,1280,1271,,,,,,,,,,,,,,,,,,,,,,,,,,,,,,,,,,,,,,,,,,,,,,,,,,,,,,,,,,,,,,,,,,,,,,,,,,,,,,,,,,,,,,,,,,,,,,,,,,,,,,,,,1,,uuid:741a7139-93b2-4d9c-9f9d-256ca024121a,uuid:741a7139-93b2-4d9c-9f9d-256ca024121a
Modifie,2,4/21/2014 17:45,4/14/2014 17:28,4/14/2014 17:45,14-Apr-14,d8:50:e6:7f:9f:2c,,1,,CE_S,BAZ,KOM,KOMBISSIRI,KOMBISSIRI,3574,2917,3474,3390,3411,3034,3411,3034,3411,3026,3411,3026,,,,,,,,,,,,,,,,,,,,,,,,,,,,,,,,,,,,,,,,,,,,,,,,,,,,,,,,,,,,,,,,,,,,,,,,,,,,,,,,,,,,,,,,,,,,,,,,,,,,,,,,,1,,uuid:039589ba-7107-4081-9581-0d2addce5c31,uuid:039589ba-7107-4081-9581-0d2addce5c31
Modifie,3,4/9/2014 17:09,4/9/2014 15:43,4/9/2014 16:51,9-Apr-14,60:a4:4c:9e:0b:c9,,1,,CE_S,BAZ,KOM,KOMBISSIRI,KOMBISSIRI,3574,2917,3474,3390,3411,3034,3411,3034,3411,3026,3411,3026,,,,,,,,,,,,,,,,,,,,,,,,,,,,,,,,,,,,,,,,,,,,,,,,,,,,,,,,,,,,,,,,,,,,,,,,,,,,,,,,,,,,,,,,,,,,,,,,,,,,,,,,,1,,uuid:741a7139-93b2-4d9c-9f9d-256ca024121a,uuid:741a7139-93b2-4d9c-9f9d-256ca024121a
Modifie,3,4/21/2014 17:45,4/14/2014 17:28,4/14/2014 17:45,14-Apr-14,d8:50:e6:7f:9f:2c,,1,,CE_S,BAZ,KOM,TOECE,TOECE,1749,1487,1700,1534,1669,1519,1669,1548,1669,1548,1669,1548,,,,,,,,,,,,,,,,,,,,,,,,,,,,,,,,,,,,,,,,,,,,,,,,,,,,,,,,,,,,,,,,,,,,,,,,,,,,,,,,,,,,,,,,,,,,,,,,,,,,,,,,,1,,uuid:039589ba-7107-4081-9581-0d2addce5c31,uuid:039589ba-7107-4081-9581-0d2addce5c31
Modifie,1,4/21/2014 17:28,4/11/2014 15:57,4/11/2014 16:06,11-Apr-14,d8:50:e6:7f:9f:2c,,1,,CE_S,BAZ,SAP,IPELCE,IPELCE,805,456,653,533,599,527,589,527,589,478,589,478,,,,,,,,,,,,,,,,,,,,,,,,,,,,,,,,,,,,,,,,,,,,,,,,,,,,,,,,,,,,,,,,,,,,,,,,,,,,,,,,,,,,,,,,,,,,,,,,,,,,,,,,,1,,uuid:47b21e56-274b-45a5-af92-38913442d597,uuid:47b21e56-274b-45a5-af92-38913442d597
Modifie,2,4/21/2014 17:28,4/11/2014 15:57,4/11/2014 16:06,11-Apr-14,d8:50:e6:7f:9f:2c,,1,,CE_S,BAZ,SAP,KAYAO,KAYAO,2105,996,1774,1491,1584,1419,1584,1419,1584,1394,1584,1393,,,,,,,,,,,,,,,,,,,,,,,,,,,,,,,,,,,,,,,,,,,,,,,,,,,,,,,,,,,,,,,,,,,,,,,,,,,,,,,,,,,,,,,,,,,,,,,,,,,,,,,,,1,,uuid:47b21e56-274b-45a5-af92-38913442d597,uuid:47b21e56-274b-45a5-af92-38913442d597
Modifie,1,4/21/2014 17:50,4/10/2014 16:18,4/11/2014 15:57,10-Apr-14,d8:50:e6:7f:9f:2c,,1,,CE_S,BAZ,SAP,SAPONE,SAPONE,2398,1235,1938,1585,1766,1426,1766,1426,1766,1485,1766,1485,,,,,,,,,,,,,,,,,,,,,,,,,,,,,,,,,,,,,,,,,,,,,,,,,,,,,,,,,,,,,,,,,,,,,,,,,,,,,,,,,,,,,,,,,,,,,,,,,,,,,,,,,1,,uuid:619d07e3-41da-4722-aaed-56724b3a571b,uuid:619d07e3-41da-4722-aaed-56724b3a571b
Modifie,3,4/21/2014 17:28,4/11/2014 15:57,4/11/2014 16:06,11-Apr-14,d8:50:e6:7f:9f:2c,,1,,CE_S,BAZ,SAP,SAPONE,SAPONE,2398,1235,1938,1585,1766,1426,1766,1426,1766,1485,1766,1485,,,,,,,,,,,,,,,,,,,,,,,,,,,,,,,,,,,,,,,,,,,,,,,,,,,,,,,,,,,,,,,,,,,,,,,,,,,,,,,,,,,,,,,,,,,,,,,,,,,,,,,,,1,,uuid:47b21e56-274b-45a5-af92-38913442d597,uuid:47b21e56-274b-45a5-af92-38913442d597
Finale,1,4/18/2014 9:24,4/7/2014 16:30,4/7/2014 17:26,7-Apr-14,10:bf:48:f5:2c:a9,,1,,CE_S,NAH,PO,GUIARO,GUIARO,1064,1136,1136,1229,986,1182,986,1182,986,1144,986,1144,,,,,,,,,,,,,,,,,,,,,,,,,,,,,,,,,,,,,,,,,,,,,,,,,,,,,,,,,,,,,,,,,,,,,,,,,,,,,,,,,,,,,,,,,,,,,,,,,,,,,,,,,1,,uuid:74789065-4ae7-4454-a5e7-255057870370,
Finale,2,4/18/2014 9:24,4/7/2014 16:30,4/7/2014 17:26,7-Apr-14,10:bf:48:f5:2c:a9,,1,,CE_S,NAH,PO,PO,PO,2830,1856,2754,2300,2626,2253,2626,2253,2626,2125,2626,2125,,,,,,,,,,,,,,,,,,,,,,,,,,,,,,,,,,,,,,,,,,,,,,,,,,,,,,,,,,,,,,,,,,,,,,,,,,,,,,,,,,,,,,,,,,,,,,,,,,,,,,,,,1,,uuid:74789065-4ae7-4454-a5e7-255057870370,
Finale,3,4/18/2014 9:24,4/7/2014 16:30,4/7/2014 17:26,7-Apr-14,10:bf:48:f5:2c:a9,,1,,CE_S,NAH,PO,TIEBELE,TIEBELE,3020,1671,2938,2149,2800,2340,2800,2340,2800,2312,2800,2312,,,,,,,,,,,,,,,,,,,,,,,,,,,,,,,,,,,,,,,,,,,,,,,,,,,,,,,,,,,,,,,,,,,,,,,,,,,,,,,,,,,,,,,,,,,,,,,,,,,,,,,,,1,,uuid:74789065-4ae7-4454-a5e7-255057870370,
Finale,4,4/18/2014 9:24,4/7/2014 16:30,4/7/2014 17:26,7-Apr-14,10:bf:48:f5:2c:a9,,1,,CE_S,NAH,PO,ZECCO,ZECCO,505,276,492,333,469,403,469,403,469,379,469,379,,,,,,,,,,,,,,,,,,,,,,,,,,,,,,,,,,,,,,,,,,,,,,,,,,,,,,,,,,,,,,,,,,,,,,,,,,,,,,,,,,,,,,,,,,,,,,,,,,,,,,,,,1,,uuid:74789065-4ae7-4454-a5e7-255057870370,
Finale,5,4/18/2014 9:24,4/7/2014 16:30,4/7/2014 17:26,7-Apr-14,10:bf:48:f5:2c:a9,,1,,CE_S,NAH,PO,ZIOU,ZIOU,1207,523,1175,539,1119,598,1119,598,1119,563,1119,563,,,,,,,,,,,,,,,,,,,,,,,,,,,,,,,,,,,,,,,,,,,,,,,,,,,,,,,,,,,,,,,,,,,,,,,,,,,,,,,,,,,,,,,,,,,,,,,,,,,,,,,,,1,,uuid:74789065-4ae7-4454-a5e7-255057870370,
Modifie,6,4/9/2014 20:06,4/8/2014 7:34,4/9/2014 8:18,8-Apr-14,60:a4:4c:9e:49:e5,,1,,CE_S,ZOU,MAN,BINDE,BINDE,1746,979,1620,1323,1620,1220,1620,1220,1620,1213,1620,1213,,,,,,,,,,,,,,,,,,,,,,,,,,,,,,,,,,,,,,,,,,,,,,,,,,,,,,,,,,,,,,,,,,,,,,,,,,,,,,,,,,,,,,,,,,,,,,,,,,,,,,,,,1,,uuid:d2ebfd3b-b052-4a27-8192-4a4c8eb1d475,uuid:d2ebfd3b-b052-4a27-8192-4a4c8eb1d475
Modifie,2,4/9/2014 20:06,4/8/2014 7:34,4/9/2014 8:18,8-Apr-14,60:a4:4c:9e:49:e5,,1,,CE_S,ZOU,MAN,GOGO,GOGO,2084,1506,1933,2014,1933,1825,1933,1825,1933,1878,1933,1878,,,,,,,,,,,,,,,,,,,,,,,,,,,,,,,,,,,,,,,,,,,,,,,,,,,,,,,,,,,,,,,,,,,,,,,,,,,,,,,,,,,,,,,,,,,,,,,,,,,,,,,,,1,,uuid:d2ebfd3b-b052-4a27-8192-4a4c8eb1d475,uuid:d2ebfd3b-b052-4a27-8192-4a4c8eb1d475
Modifie,3,4/9/2014 20:06,4/8/2014 7:34,4/9/2014 8:18,8-Apr-14,60:a4:4c:9e:49:e5,,1,,CE_S,ZOU,MAN,GOMBOUSSOUGOU,GOMBOUSSOUGOU,2461,2035,2283,2532,2283,2362,2283,2362,2283,2197,2283,2197,,,,,,,,,,,,,,,,,,,,,,,,,,,,,,,,,,,,,,,,,,,,,,,,,,,,,,,,,,,,,,,,,,,,,,,,,,,,,,,,,,,,,,,,,,,,,,,,,,,,,,,,,1,,uuid:d2ebfd3b-b052-4a27-8192-4a4c8eb1d475,uuid:d2ebfd3b-b052-4a27-8192-4a4c8eb1d475
Modifie,1,4/9/2014 20:06,4/8/2014 7:34,4/9/2014 8:18,8-Apr-14,60:a4:4c:9e:49:e5,,1,,CE_S,ZOU,MAN,GUIBA,GUIBA,1780,1217,1652,1407,1652,1272,1652,1272,1652,1335,1652,1335,,,,,,,,,,,,,,,,,,,,,,,,,,,,,,,,,,,,,,,,,,,,,,,,,,,,,,,,,,,,,,,,,,,,,,,,,,,,,,,,,,,,,,,,,,,,,,,,,,,,,,,,,1,,uuid:d2ebfd3b-b052-4a27-8192-4a4c8eb1d475,uuid:d2ebfd3b-b052-4a27-8192-4a4c8eb1d475
Modifie,4,4/9/2014 20:06,4/8/2014 7:34,4/9/2014 8:18,8-Apr-14,60:a4:4c:9e:49:e5,,1,,CE_S,ZOU,MAN,MANGA,MANGA,1761,1108,1634,1284,1634,1138,1634,1138,1634,1260,1634,1260,,,,,,,,,,,,,,,,,,,,,,,,,,,,,,,,,,,,,,,,,,,,,,,,,,,,,,,,,,,,,,,,,,,,,,,,,,,,,,,,,,,,,,,,,,,,,,,,,,,,,,,,,1,,uuid:d2ebfd3b-b052-4a27-8192-4a4c8eb1d475,uuid:d2ebfd3b-b052-4a27-8192-4a4c8eb1d475
Modifie,5,4/9/2014 20:06,4/8/2014 7:34,4/9/2014 8:18,8-Apr-14,60:a4:4c:9e:49:e5,,1,,CE_S,ZOU,MAN,NOBÃ‰RÃ‰,NOBERE,1759,1294,1632,1436,1632,1482,1632,1434,1632,1367,1632,1367,,,,,,,,,,,,,,,,,,,,,,,,,,,,,,,,,,,,,,,,,,,,,,,,,,,,,,,,,,,,,,,,,,,,,,,,,,,,,,,,,,,,,,,,,,,,,,,,,,,,,,,,,1,,uuid:d2ebfd3b-b052-4a27-8192-4a4c8eb1d475,uuid:d2ebfd3b-b052-4a27-8192-4a4c8eb1d475
Modifie,1,4/10/2014 17:59,4/10/2014 16:17,4/10/2014 16:55,10-Apr-14,d8:50:e6:7f:96:91,,1,,PLA,GAN,ZOR,BOUDRY,BOUDRY,4396,4299,4261,5012,4071,4472,4071,4472,4071,4405,4071,4405,,,,,,,,,,,,,,,,,,,,,,,,,,,,,,,,,,,,,,,,,,,,,,,,,,,,,,,,,,,,,,,,,,,,,,,,,,,,,,,,,,,,,,,,,,,,,,,,,,,,,,,,,1,,uuid:00f21490-50f7-4797-bcc5-0bb23cc0ad8d,uuid:00f21490-50f7-4797-bcc5-0bb23cc0ad8d
Modifie,2,4/10/2014 17:59,4/10/2014 16:17,4/10/2014 16:55,10-Apr-14,d8:50:e6:7f:96:91,,1,,PLA,GAN,ZOR,KOGHO,KOGHO,891,584,864,818,826,764,826,764,826,768,826,768,,,,,,,,,,,,,,,,,,,,,,,,,,,,,,,,,,,,,,,,,,,,,,,,,,,,,,,,,,,,,,,,,,,,,,,,,,,,,,,,,,,,,,,,,,,,,,,,,,,,,,,,,1,,uuid:00f21490-50f7-4797-bcc5-0bb23cc0ad8d,uuid:00f21490-50f7-4797-bcc5-0bb23cc0ad8d
Modifie,3,4/10/2014 17:59,4/10/2014 16:17,4/10/2014 16:55,10-Apr-14,d8:50:e6:7f:96:91,,1,,PLA,GAN,ZOR,MEGUET,MEGUET,1596,1408,1896,1622,1812,1761,1812,1761,1812,1721,1812,1721,,,,,,,,,,,,,,,,,,,,,,,,,,,,,,,,,,,,,,,,,,,,,,,,,,,,,,,,,,,,,,,,,,,,,,,,,,,,,,,,,,,,,,,,,,,,,,,,,,,,,,,,,1,,uuid:00f21490-50f7-4797-bcc5-0bb23cc0ad8d,uuid:00f21490-50f7-4797-bcc5-0bb23cc0ad8d
Modifie,4,4/10/2014 17:59,4/10/2014 16:17,4/10/2014 16:55,10-Apr-14,d8:50:e6:7f:96:91,,1,,PLA,GAN,ZOR,MOGTEDO,MOGTEDO,2536,2429,2457,3105,2350,2891,2350,2891,2350,2868,2350,2868,,,,,,,,,,,,,,,,,,,,,,,,,,,,,,,,,,,,,,,,,,,,,,,,,,,,,,,,,,,,,,,,,,,,,,,,,,,,,,,,,,,,,,,,,,,,,,,,,,,,,,,,,1,,uuid:00f21490-50f7-4797-bcc5-0bb23cc0ad8d,uuid:00f21490-50f7-4797-bcc5-0bb23cc0ad8d
Modifie,5,4/10/2014 17:59,4/10/2014 16:17,4/10/2014 16:55,10-Apr-14,d8:50:e6:7f:96:91,,1,,PLA,GAN,ZOR,SALOGO,SALOGO,1186,1108,1149,1306,1098,1165,1098,1165,1098,1143,1098,1143,,,,,,,,,,,,,,,,,,,,,,,,,,,,,,,,,,,,,,,,,,,,,,,,,,,,,,,,,,,,,,,,,,,,,,,,,,,,,,,,,,,,,,,,,,,,,,,,,,,,,,,,,1,,uuid:00f21490-50f7-4797-bcc5-0bb23cc0ad8d,uuid:00f21490-50f7-4797-bcc5-0bb23cc0ad8d
Modifie,6,4/10/2014 17:59,4/10/2014 16:17,4/10/2014 16:55,10-Apr-14,d8:50:e6:7f:96:91,,1,,PLA,GAN,ZOR,ZAM,ZAM,2473,1976,2398,2199,2292,2171,2292,2171,2292,2084,2292,2084,,,,,,,,,,,,,,,,,,,,,,,,,,,,,,,,,,,,,,,,,,,,,,,,,,,,,,,,,,,,,,,,,,,,,,,,,,,,,,,,,,,,,,,,,,,,,,,,,,,,,,,,,1,,uuid:00f21490-50f7-4797-bcc5-0bb23cc0ad8d,uuid:00f21490-50f7-4797-bcc5-0bb23cc0ad8d
Modifie,7,4/10/2014 17:59,4/10/2014 16:17,4/10/2014 16:55,10-Apr-14,d8:50:e6:7f:96:91,,1,,PLA,GAN,ZOR,ZORGHO,ZORGHO,2838,2836,2750,2760,2628,2725,2628,2725,2628,2550,2628,2550,,,,,,,,,,,,,,,,,,,,,,,,,,,,,,,,,,,,,,,,,,,,,,,,,,,,,,,,,,,,,,,,,,,,,,,,,,,,,,,,,,,,,,,,,,,,,,,,,,,,,,,,,1,,uuid:00f21490-50f7-4797-bcc5-0bb23cc0ad8d,uuid:00f21490-50f7-4797-bcc5-0bb23cc0ad8d
Modifie,8,4/10/2014 17:59,4/10/2014 16:17,4/10/2014 16:55,10-Apr-14,d8:50:e6:7f:96:91,,1,,PLA,GAN,ZOR,ZOUNGOU,ZOUNGOU,4396,4299,1631,1547,1558,1489,1558,1489,1558,1422,1558,1422,,,,,,,,,,,,,,,,,,,,,,,,,,,,,,,,,,,,,,,,,,,,,,,,,,,,,,,,,,,,,,,,,,,,,,,,,,,,,,,,,,,,,,,,,,,,,,,,,,,,,,,,,1,,uuid:00f21490-50f7-4797-bcc5-0bb23cc0ad8d,uuid:00f21490-50f7-4797-bcc5-0bb23cc0ad8d
Modifie,1,4/21/2014 17:30,4/8/2014 9:01,4/8/2014 12:03,8-Apr-14,60:a4:4c:99:b2:d1,,1,,PLA,KOU,BO,LAYE,LAYE,681,323,280,204,280,206,280,206,280,180,280,180,,,,,,,,,,,,,,,,,,,,,,,,,,,,,,,,,,,,,,,,,,,,,,,,,,,,,,,,,,,,,,,,,,,,,,,,,,,,,,,,,,,,,,,,,,,,,,,,,,,,,,,,,1,,uuid:5ed71ea0-aa4b-438b-bae7-83885eabca23,uuid:5ed71ea0-aa4b-438b-bae7-83885eabca23
Modifie,3,4/21/2014 17:30,4/8/2014 9:01,4/8/2014 12:03,8-Apr-14,60:a4:4c:99:b2:d1,,1,,PLA,KOU,BO,BOUSSE,BOUSSE,2394,2163,1886,1669,1886,1719,1886,1719,1886,1800,1886,1800,,,,,,,,,,,,,,,,,,,,,,,,,,,,,,,,,,,,,,,,,,,,,,,,,,,,,,,,,,,,,,,,,,,,,,,,,,,,,,,,,,,,,,,,,,,,,,,,,,,,,,,,,1,,uuid:5ed71ea0-aa4b-438b-bae7-83885eabca23,uuid:5ed71ea0-aa4b-438b-bae7-83885eabca23
Modifie,2,4/21/2014 17:30,4/8/2014 9:01,4/8/2014 12:03,8-Apr-14,60:a4:4c:99:b2:d1,,1,,PLA,KOU,BO,NIOU,NIOU,1491,621,1288,788,1288,795,1288,795,1288,839,1288,839,,,,,,,,,,,,,,,,,,,,,,,,,,,,,,,,,,,,,,,,,,,,,,,,,,,,,,,,,,,,,,,,,,,,,,,,,,,,,,,,,,,,,,,,,,,,,,,,,,,,,,,,,1,,uuid:5ed71ea0-aa4b-438b-bae7-83885eabca23,uuid:5ed71ea0-aa4b-438b-bae7-83885eabca23
Modifie,4,4/21/2014 17:30,4/8/2014 9:01,4/8/2014 12:03,8-Apr-14,60:a4:4c:99:b2:d1,,1,,PLA,KOU,BO,SOURGOUBILA,SOURGOUBILA,2156,1191,2351,1245,2351,1786,2351,1786,2351,1759,2351,1759,,,,,,,,,,,,,,,,,,,,,,,,,,,,,,,,,,,,,,,,,,,,,,,,,,,,,,,,,,,,,,,,,,,,,,,,,,,,,,,,,,,,,,,,,,,,,,,,,,,,,,,,,1,,uuid:5ed71ea0-aa4b-438b-bae7-83885eabca23,uuid:5ed71ea0-aa4b-438b-bae7-83885eabca23
Modifie,5,4/21/2014 17:30,4/8/2014 9:01,4/8/2014 12:03,8-Apr-14,60:a4:4c:99:b2:d1,,1,,PLA,KOU,BO,TOEGHIN,TOEGHIN,911,390,475,270,475,331,475,331,475,328,475,328,,,,,,,,,,,,,,,,,,,,,,,,,,,,,,,,,,,,,,,,,,,,,,,,,,,,,,,,,,,,,,,,,,,,,,,,,,,,,,,,,,,,,,,,,,,,,,,,,,,,,,,,,1,,uuid:5ed71ea0-aa4b-438b-bae7-83885eabca23,uuid:5ed71ea0-aa4b-438b-bae7-83885eabca23
Modifie,1,4/9/2014 20:10,4/8/2014 14:13,4/9/2014 20:07,8-Apr-14,f07fea76636b3d44,,1,,PLA,OUB,ZIN,ABSOUYA,ABSOUYA,1469,1376,1424,1484,1360,1381,1360,1381,1360,1349,1360,1349,,,,,,,,,,,,,,,,,,,,,,,,,,,,,,,,,,,,,,,,,,,,,,,,,,,,,,,,,,,,,,,,,,,,,,,,,,,,,,,,,,,,,,,,,,,,,,,,,,,,,,,,,1,,uuid:3ba5d184-c607-41dd-bf6b-d1489b335add,uuid:3ba5d184-c607-41dd-bf6b-d1489b335add
Modifie,2,4/9/2014 20:10,4/8/2014 14:13,4/9/2014 20:07,8-Apr-14,f07fea76636b3d44,,1,,PLA,OUB,ZIN,DAPELOGO,DAPELOGO,2007,1503,1945,1763,1859,1706,1859,1706,1859,1747,1859,1747,,,,,,,,,,,,,,,,,,,,,,,,,,,,,,,,,,,,,,,,,,,,,,,,,,,,,,,,,,,,,,,,,,,,,,,,,,,,,,,,,,,,,,,,,,,,,,,,,,,,,,,,,1,,uuid:3ba5d184-c607-41dd-bf6b-d1489b335add,uuid:3ba5d184-c607-41dd-bf6b-d1489b335add
Modifie,3,4/9/2014 20:10,4/8/2014 14:13,4/9/2014 20:07,8-Apr-14,f07fea76636b3d44,,1,,PLA,OUB,ZIN,LOUMBILA,LOUMBILA,1558,969,1510,1271,1443,1204,1443,1204,1443,1155,1443,1155,,,,,,,,,,,,,,,,,,,,,,,,,,,,,,,,,,,,,,,,,,,,,,,,,,,,,,,,,,,,,,,,,,,,,,,,,,,,,,,,,,,,,,,,,,,,,,,,,,,,,,,,,1,,uuid:3ba5d184-c607-41dd-bf6b-d1489b335add,uuid:3ba5d184-c607-41dd-bf6b-d1489b335add
Modifie,4,4/9/2014 20:10,4/8/2014 14:13,4/9/2014 20:07,8-Apr-14,f07fea76636b3d44,,1,,PLA,OUB,ZIN,NAGREONGO,NAGREONGO,1301,1052,1260,1335,1204,1164,1204,1164,1204,1225,1204,1225,,,,,,,,,,,,,,,,,,,,,,,,,,,,,,,,,,,,,,,,,,,,,,,,,,,,,,,,,,,,,,,,,,,,,,,,,,,,,,,,,,,,,,,,,,,,,,,,,,,,,,,,,1,,uuid:3ba5d184-c607-41dd-bf6b-d1489b335add,uuid:3ba5d184-c607-41dd-bf6b-d1489b335add
Modifie,5,4/9/2014 20:10,4/8/2014 14:13,4/9/2014 20:07,8-Apr-14,f07fea76636b3d44,,1,,PLA,OUB,ZIN,OURGOU-MANEGA,OURGOU-MANEGA,1143,699,1107,866,1061,805,1061,805,1061,896,1061,896,,,,,,,,,,,,,,,,,,,,,,,,,,,,,,,,,,,,,,,,,,,,,,,,,,,,,,,,,,,,,,,,,,,,,,,,,,,,,,,,,,,,,,,,,,,,,,,,,,,,,,,,,1,,uuid:3ba5d184-c607-41dd-bf6b-d1489b335add,uuid:3ba5d184-c607-41dd-bf6b-d1489b335add
Modifie,6,4/9/2014 20:10,4/8/2014 14:13,4/9/2014 20:07,8-Apr-14,f07fea76636b3d44,,1,,PLA,OUB,ZIN,ZINIARÃ‰,ZINIARE,3504,3003,3396,3372,3247,3017,3247,3017,3247,3143,3247,3143,,,,,,,,,,,,,,,,,,,,,,,,,,,,,,,,,,,,,,,,,,,,,,,,,,,,,,,,,,,,,,,,,,,,,,,,,,,,,,,,,,,,,,,,,,,,,,,,,,,,,,,,,1,,uuid:3ba5d184-c607-41dd-bf6b-d1489b335add,uuid:3ba5d184-c607-41dd-bf6b-d1489b335add
Modifie,7,4/9/2014 20:10,4/8/2014 14:13,4/9/2014 20:07,8-Apr-14,f07fea76636b3d44,,1,,PLA,OUB,ZIN,ZITENGA,ZITENGA,2337,1744,2267,2046,2164,1988,2164,1988,2164,2076,2164,2076,,,,,,,,,,,,,,,,,,,,,,,,,,,,,,,,,,,,,,,,,,,,,,,,,,,,,,,,,,,,,,,,,,,,,,,,,,,,,,,,,,,,,,,,,,,,,,,,,,,,,,,,,1,,uuid:3ba5d184-c607-41dd-bf6b-d1489b335add,uuid:3ba5d184-c607-41dd-bf6b-d1489b335add
Modifie,3,4/8/2014 19:44,4/8/2014 9:17,4/8/2014 19:32,8-Apr-14,7cd9196743cc266,,1,,SAH,OUD,GOR,DEOU,DEOU,1457,799,1398,1996,1347,1478,1347,1478,1347,1668,1347,1668,,,,,,,,,,,,,,,,,,,,,,,,,,,,,,,,,,,,,,,,,,,,,,,,,,,,,,,,,,,,,,,,,,,,,,,,,,,,,,,,,,,,,,,,,,,,,,,,,,,,,,,,,1,,uuid:fb8f4f24-58b9-42ef-8ab1-52e84afde529,uuid:fb8f4f24-58b9-42ef-8ab1-52e84afde529
Modifie,1,4/8/2014 19:44,4/8/2014 9:17,4/8/2014 19:32,8-Apr-14,7cd9196743cc266,,1,,SAH,OUD,GOR,GOROM-GOROM,GOROM-GOROM,5726,2585,5436,6388,5171,5295,5171,5295,5171,5385,5171,5385,,,,,,,,,,,,,,,,,,,,,,,,,,,,,,,,,,,,,,,,,,,,,,,,,,,,,,,,,,,,,,,,,,,,,,,,,,,,,,,,,,,,,,,,,,,,,,,,,,,,,,,,,1,,uuid:fb8f4f24-58b9-42ef-8ab1-52e84afde529,uuid:fb8f4f24-58b9-42ef-8ab1-52e84afde529
Modifie,2,4/8/2014 19:44,4/8/2014 9:17,4/8/2014 19:32,8-Apr-14,7cd9196743cc266,,1,,SAH,OUD,GOR,MARKOYE,MARKOYE,2133,849,2022,2648,1973,2356,1973,2356,1973,2228,1973,2228,,,,,,,,,,,,,,,,,,,,,,,,,,,,,,,,,,,,,,,,,,,,,,,,,,,,,,,,,,,,,,,,,,,,,,,,,,,,,,,,,,,,,,,,,,,,,,,,,,,,,,,,,1,,uuid:fb8f4f24-58b9-42ef-8ab1-52e84afde529,uuid:fb8f4f24-58b9-42ef-8ab1-52e84afde529
Modifie,4,4/8/2014 19:44,4/8/2014 9:17,4/8/2014 19:32,8-Apr-14,7cd9196743cc266,,1,,SAH,OUD,GOR,OURSI,OURSI,930,278,881,1144,860,906,860,906,860,1018,860,1018,,,,,,,,,,,,,,,,,,,,,,,,,,,,,,,,,,,,,,,,,,,,,,,,,,,,,,,,,,,,,,,,,,,,,,,,,,,,,,,,,,,,,,,,,,,,,,,,,,,,,,,,,1,,uuid:fb8f4f24-58b9-42ef-8ab1-52e84afde529,uuid:fb8f4f24-58b9-42ef-8ab1-52e84afde529
Modifie,5,4/8/2014 19:44,4/8/2014 9:17,4/8/2014 19:32,8-Apr-14,7cd9196743cc266,,1,,SAH,OUD,GOR,TIN-AKOFF,TIN-AKOFF,1110,312,1117,1182,1026,911,1026,911,1026,975,1026,975,,,,,,,,,,,,,,,,,,,,,,,,,,,,,,,,,,,,,,,,,,,,,,,,,,,,,,,,,,,,,,,,,,,,,,,,,,,,,,,,,,,,,,,,,,,,,,,,,,,,,,,,,1,,uuid:fb8f4f24-58b9-42ef-8ab1-52e84afde529,uuid:fb8f4f24-58b9-42ef-8ab1-52e84afde529
Modifie,1,4/15/2014 8:57,4/11/2014 11:26,4/11/2014 11:39,11-Apr-14,60:a4:4c:9d:fb:cd,,1,,SAH,SEN,DOR,BANI,BANI,3399,2754,3220,3678,3140,3133,3140,3172,3140,3215,3140,3250,,,,,,,,,,,,,,,,,,,,,,,,,,,,,,,,,,,,,,,,,,,,,,,,,,,,,,,,,,,,,,,,,,,,,,,,,,,,,,,,,,,,,,,,,,,,,,,,,,,,,,,,,1,,uuid:4f97e26b-e67a-41d1-a347-4b8ce2295724,uuid:4f97e26b-e67a-41d1-a347-4b8ce2295724
Modifie,2,4/15/2014 8:57,4/11/2014 11:26,4/11/2014 11:39,11-Apr-14,60:a4:4c:9d:fb:cd,,1,,SAH,SEN,DOR,DORI,DORI,6457,4340,6122,6946,5969,5111,5969,5380,5969,5767,5969,5759,,,,,,,,,,,,,,,,,,,,,,,,,,,,,,,,,,,,,,,,,,,,,,,,,,,,,,,,,,,,,,,,,,,,,,,,,,,,,,,,,,,,,,,,,,,,,,,,,,,,,,,,,1,,uuid:4f97e26b-e67a-41d1-a347-4b8ce2295724,uuid:4f97e26b-e67a-41d1-a347-4b8ce2295724
Modifie,3,4/15/2014 8:57,4/11/2014 11:26,4/11/2014 11:39,11-Apr-14,60:a4:4c:9d:fb:cd,,1,,SAH,SEN,DOR,FALAGOUNTOU,FALAGOUNTOU,968,1129,917,1481,894,1309,894,1310,894,1262,894,1262,,,,,,,,,,,,,,,,,,,,,,,,,,,,,,,,,,,,,,,,,,,,,,,,,,,,,,,,,,,,,,,,,,,,,,,,,,,,,,,,,,,,,,,,,,,,,,,,,,,,,,,,,1,,uuid:4f97e26b-e67a-41d1-a347-4b8ce2295724,uuid:4f97e26b-e67a-41d1-a347-4b8ce2295724
Modifie,4,4/15/2014 8:57,4/11/2014 11:26,4/11/2014 11:39,11-Apr-14,60:a4:4c:9d:fb:cd,,1,,SAH,SEN,DOR,GORGADJI,GORGADJI,1608,1054,1524,1545,1486,1401,1486,1401,1486,1399,1486,1499,,,,,,,,,,,,,,,,,,,,,,,,,,,,,,,,,,,,,,,,,,,,,,,,,,,,,,,,,,,,,,,,,,,,,,,,,,,,,,,,,,,,,,,,,,,,,,,,,,,,,,,,,1,,uuid:4f97e26b-e67a-41d1-a347-4b8ce2295724,uuid:4f97e26b-e67a-41d1-a347-4b8ce2295724
Modifie,5,4/15/2014 8:57,4/11/2014 11:26,4/11/2014 11:39,11-Apr-14,60:a4:4c:9d:fb:cd,,1,,SAH,SEN,DOR,SAMPELGA,SAMPELGA,805,808,763,876,744,754,744,747,744,800,744,800,,,,,,,,,,,,,,,,,,,,,,,,,,,,,,,,,,,,,,,,,,,,,,,,,,,,,,,,,,,,,,,,,,,,,,,,,,,,,,,,,,,,,,,,,,,,,,,,,,,,,,,,,1,,uuid:4f97e26b-e67a-41d1-a347-4b8ce2295724,uuid:4f97e26b-e67a-41d1-a347-4b8ce2295724
Modifie,6,4/15/2014 8:57,4/11/2014 11:26,4/11/2014 11:39,11-Apr-14,60:a4:4c:9d:fb:cd,,1,,SAH,SEN,DOR,SEYTENGA,SEYTENGA,1733,1210,1642,1949,1601,1251,1601,1495,1601,1682,1601,1682,,,,,,,,,,,,,,,,,,,,,,,,,,,,,,,,,,,,,,,,,,,,,,,,,,,,,,,,,,,,,,,,,,,,,,,,,,,,,,,,,,,,,,,,,,,,,,,,,,,,,,,,,1,,uuid:4f97e26b-e67a-41d1-a347-4b8ce2295724,uuid:4f97e26b-e67a-41d1-a347-4b8ce2295724
Modifie,1,4/16/2014 20:39,4/8/2014 17:55,4/8/2014 18:13,8-Apr-14,d8:50:e6:7f:97:e0,,1,,SAH,SOU,DIJ,ARIBINDA,ARIBINDA,5211,3085,4867,4885,4814,3789,4814,4236,4814,4239,4814,4239,,,,,,,,,,,,,,,,,,,,,,,,,,,,,,,,,,,,,,,,,,,,,,,,,,,,,,,,,,,,,,,,,,,,,,,,,,,,,,,,,,,,,,,,,,,,,,,,,,,,,,,,,1,,uuid:10bd77c0-f284-48e1-9888-90f504e6d241,uuid:10bd77c0-f284-48e1-9888-90f504e6d241
Modifie,2,4/16/2014 20:39,4/8/2014 17:55,4/8/2014 18:13,8-Apr-14,d8:50:e6:7f:97:e0,,1,,SAH,SOU,DIJ,BARABOULE,BARABOULE,1711,1490,1621,2000,1596,1609,1596,1734,1596,1612,1596,1611,,,,,,,,,,,,,,,,,,,,,,,,,,,,,,,,,,,,,,,,,,,,,,,,,,,,,,,,,,,,,,,,,,,,,,,,,,,,,,,,,,,,,,,,,,,,,,,,,,,,,,,,,1,,uuid:10bd77c0-f284-48e1-9888-90f504e6d241,uuid:10bd77c0-f284-48e1-9888-90f504e6d241
Modifie,3,4/16/2014 20:39,4/8/2014 17:55,4/8/2014 18:13,8-Apr-14,d8:50:e6:7f:97:e0,,1,,SAH,SOU,DIJ,DIGUEL,DIGUEL,516,197,488,343,480,344,480,350,480,267,480,267,,,,,,,,,,,,,,,,,,,,,,,,,,,,,,,,,,,,,,,,,,,,,,,,,,,,,,,,,,,,,,,,,,,,,,,,,,,,,,,,,,,,,,,,,,,,,,,,,,,,,,,,,1,,uuid:10bd77c0-f284-48e1-9888-90f504e6d241,uuid:10bd77c0-f284-48e1-9888-90f504e6d241
Modifie,4,4/16/2014 20:39,4/8/2014 17:55,4/8/2014 18:13,8-Apr-14,d8:50:e6:7f:97:e0,,1,,SAH,SOU,DIJ,DJIBO,DJIBO,3438,1832,3258,3355,3208,2440,3208,2688,3208,2628,3208,2628,,,,,,,,,,,,,,,,,,,,,,,,,,,,,,,,,,,,,,,,,,,,,,,,,,,,,,,,,,,,,,,,,,,,,,,,,,,,,,,,,,,,,,,,,,,,,,,,,,,,,,,,,1,,uuid:10bd77c0-f284-48e1-9888-90f504e6d241,uuid:10bd77c0-f284-48e1-9888-90f504e6d241
Modifie,5,4/16/2014 20:39,4/8/2014 17:55,4/8/2014 18:13,8-Apr-14,d8:50:e6:7f:97:e0,,1,,SAH,SOU,DIJ,KELBO,KELBO,1383,1087,1310,1529,1291,1237,1291,1359,1291,1337,1291,1337,,,,,,,,,,,,,,,,,,,,,,,,,,,,,,,,,,,,,,,,,,,,,,,,,,,,,,,,,,,,,,,,,,,,,,,,,,,,,,,,,,,,,,,,,,,,,,,,,,,,,,,,,1,,uuid:10bd77c0-f284-48e1-9888-90f504e6d241,uuid:10bd77c0-f284-48e1-9888-90f504e6d241
Modifie,6,4/16/2014 20:39,4/8/2014 17:55,4/8/2014 18:13,8-Apr-14,d8:50:e6:7f:97:e0,,1,,SAH,SOU,DIJ,KOUTOUGOU,KOUTOUGOU,1068,327,1012,913,997,498,997,603,997,589,997,604,,,,,,,,,,,,,,,,,,,,,,,,,,,,,,,,,,,,,,,,,,,,,,,,,,,,,,,,,,,,,,,,,,,,,,,,,,,,,,,,,,,,,,,,,,,,,,,,,,,,,,,,,1,,uuid:10bd77c0-f284-48e1-9888-90f504e6d241,uuid:10bd77c0-f284-48e1-9888-90f504e6d241
Modifie,7,4/16/2014 20:39,4/8/2014 17:55,4/8/2014 18:13,8-Apr-14,d8:50:e6:7f:97:e0,,1,,SAH,SOU,DIJ,NASSOUMBOU,NASSOUMBOU,1154,487,1095,1131,1077,751,1077,789,1077,905,1077,886,,,,,,,,,,,,,,,,,,,,,,,,,,,,,,,,,,,,,,,,,,,,,,,,,,,,,,,,,,,,,,,,,,,,,,,,,,,,,,,,,,,,,,,,,,,,,,,,,,,,,,,,,1,,uuid:10bd77c0-f284-48e1-9888-90f504e6d241,uuid:10bd77c0-f284-48e1-9888-90f504e6d241
Modifie,8,4/16/2014 20:39,4/8/2014 17:55,4/8/2014 18:13,8-Apr-14,d8:50:e6:7f:97:e0,,1,,SAH,SOU,DIJ,POBE-MENGAO,POBE-MENGAO,1377,1173,1305,1390,1285,1068,1285,1153,1285,1088,1285,1038,,,,,,,,,,,,,,,,,,,,,,,,,,,,,,,,,,,,,,,,,,,,,,,,,,,,,,,,,,,,,,,,,,,,,,,,,,,,,,,,,,,,,,,,,,,,,,,,,,,,,,,,,1,,uuid:10bd77c0-f284-48e1-9888-90f504e6d241,uuid:10bd77c0-f284-48e1-9888-90f504e6d241
Modifie,9,4/16/2014 20:39,4/8/2014 17:55,4/8/2014 18:13,8-Apr-14,d8:50:e6:7f:97:e0,,1,,SAH,SOU,DIJ,TONGOMAYEL,TONGOMAYEL,4029,2463,3775,3856,3728,3210,3728,3482,3728,3717,3728,3717,,,,,,,,,,,,,,,,,,,,,,,,,,,,,,,,,,,,,,,,,,,,,,,,,,,,,,,,,,,,,,,,,,,,,,,,,,,,,,,,,,,,,,,,,,,,,,,,,,,,,,,,,1,,uuid:10bd77c0-f284-48e1-9888-90f504e6d241,uuid:10bd77c0-f284-48e1-9888-90f504e6d241
Modifie,1,4/13/2014 15:59,4/13/2014 8:47,4/13/2014 9:14,13-Apr-14,60:a4:4c:9e:0c:33,,1,,SAH,YAG,SEB,BOUNDORE,BOUNDORE,1427,1279,1352,1451,1319,1370,1319,1370,1319,1389,1319,1389,,,,,,,,,,,,,,,,,,,,,,,,,,,,,,,,,,,,,,,,,,,,,,,,,,,,,,,,,,,,,,,,,,,,,,,,,,,,,,,,,,,,,,,,,,,,,,,,,,,,,,,,,1,,uuid:fd76d39c-fbe8-46a4-b7c7-d96e4343a2dd,uuid:fd76d39c-fbe8-46a4-b7c7-d96e4343a2dd
Modifie,2,4/13/2014 15:59,4/13/2014 8:47,4/13/2014 9:14,13-Apr-14,60:a4:4c:9e:0c:33,,1,,SAH,YAG,SEB,MANSILA,MANSILA,2444,2409,2316,2614,2260,2296,2260,2296,2260,2094,2260,2094,,,,,,,,,,,,,,,,,,,,,,,,,,,,,,,,,,,,,,,,,,,,,,,,,,,,,,,,,,,,,,,,,,,,,,,,,,,,,,,,,,,,,,,,,,,,,,,,,,,,,,,,,1,,uuid:fd76d39c-fbe8-46a4-b7c7-d96e4343a2dd,uuid:fd76d39c-fbe8-46a4-b7c7-d96e4343a2dd
Modifie,3,4/13/2014 15:59,4/13/2014 8:47,4/13/2014 9:14,13-Apr-14,60:a4:4c:9e:0c:33,,1,,SAH,YAG,SEB,SEBBA,SEBBA,1846,2234,1750,2385,1708,1888,1708,1888,1708,1767,1708,1767,,,,,,,,,,,,,,,,,,,,,,,,,,,,,,,,,,,,,,,,,,,,,,,,,,,,,,,,,,,,,,,,,,,,,,,,,,,,,,,,,,,,,,,,,,,,,,,,,,,,,,,,,1,,uuid:fd76d39c-fbe8-46a4-b7c7-d96e4343a2dd,uuid:fd76d39c-fbe8-46a4-b7c7-d96e4343a2dd
Modifie,4,4/13/2014 15:59,4/13/2014 8:47,4/13/2014 9:14,13-Apr-14,60:a4:4c:9e:0c:33,,1,,SAH,YAG,SEB,SOLHAN,SOLHAN,1410,1565,1336,1648,1304,1571,1304,1571,1304,1465,1304,1465,,,,,,,,,,,,,,,,,,,,,,,,,,,,,,,,,,,,,,,,,,,,,,,,,,,,,,,,,,,,,,,,,,,,,,,,,,,,,,,,,,,,,,,,,,,,,,,,,,,,,,,,,1,,uuid:fd76d39c-fbe8-46a4-b7c7-d96e4343a2dd,uuid:fd76d39c-fbe8-46a4-b7c7-d96e4343a2dd
Modifie,5,4/13/2014 15:59,4/13/2014 8:47,4/13/2014 9:14,13-Apr-14,60:a4:4c:9e:0c:33,,1,,SAH,YAG,SEB,TANKOUGOUNADIE,TANKOUGOUNADIE,707,746,746,1003,728,748,728,748,728,681,728,681,,,,,,,,,,,,,,,,,,,,,,,,,,,,,,,,,,,,,,,,,,,,,,,,,,,,,,,,,,,,,,,,,,,,,,,,,,,,,,,,,,,,,,,,,,,,,,,,,,,,,,,,,1,,uuid:fd76d39c-fbe8-46a4-b7c7-d96e4343a2dd,uuid:fd76d39c-fbe8-46a4-b7c7-d96e4343a2dd
Modifie,6,4/13/2014 15:59,4/13/2014 8:47,4/13/2014 9:14,13-Apr-14,60:a4:4c:9e:0c:33,,1,,SAH,YAG,SEB,TITABE,TITABE,1262,1325,1196,1463,1167,1410,1167,1410,1167,1257,1167,1257,,,,,,,,,,,,,,,,,,,,,,,,,,,,,,,,,,,,,,,,,,,,,,,,,,,,,,,,,,,,,,,,,,,,,,,,,,,,,,,,,,,,,,,,,,,,,,,,,,,,,,,,,1,,uuid:fd76d39c-fbe8-46a4-b7c7-d96e4343a2dd,uuid:fd76d39c-fbe8-46a4-b7c7-d96e4343a2dd
